X,Y,Species,DBH_cm
62.2,0.3,PSME,12.7
180.8,2.2,PIPU,14.478
192.6,2.3,PIEN,19.05
154.8,3.1,PIFL2,18.034
127.6,3.2,POTR,20.574
148.9,3.3,PSME,6.858
79.8,3.5,PSME,38.608
189.3,3.8,PSME,19.812
10.6,4.7,PIEN,1.016
186.4,4.7,PSME,24.892
146.3,5.1,PSME,7.366
161.6,5.1,PSME,60.96
195,5.1,PIEN,18.796
58.5,5.2,PSME,20.828
185.7,5.2,POTR,11.176
35.1,5.3,PIEN,20.828
121.1,5.7,PIEN,10.16
197.1,6.3,PIEN,10.922
63.6,6.4,PIPO,7.874
140.2,6.5,PIEN,2.032
175.2,6.6,PIPO,2.794
140.4,6.7,PIPU,2.54
64.7,6.8,PIEN,3.556
8,6.9,PSME,44.45
19.1,7.1,PIEN,6.096
168.2,7.1,PIEN,6.604
130.9,7.5,POTR,24.638
138.9,7.6,PIEN,12.192
114,7.7,PSME,2.794
186.5,7.7,POTR,11.176
113.3,8,PSME,25.4
184.8,8,PIEN,40.894
106.7,8.2,PSME,20.32
197,8.4,PSME,9.398
189.9,8.6,PIPU,5.842
40.4,8.9,PIEN,1.016
103.8,9.1,PIEN,2.794
146.7,9.4,PIEN,16.51
25.3,9.6,POTR,11.938
174.1,9.7,PIEN,14.478
67.4,10.3,PIEN,11.684
70.4,10.5,PIEN,47.244
158.5,10.5,POTR,9.652
156.4,10.6,PIEN,6.096
109,10.7,PSME,11.684
130.8,10.9,PIFL2,22.86
120.3,11.2,POTR,8.89
159.1,11.2,POTR,18.796
193.7,11.2,PIEN,2.286
25.1,11.3,PIEN,10.668
111.7,11.3,POTR,11.684
125.1,11.3,PIPO,15.494
21.8,11.4,PIPU,12.7
50.6,11.5,PSME,11.176
42,11.6,PIPO,5.334
132.9,11.6,POTR,11.43
196.1,11.6,PIEN,1.27
114.4,11.8,PIPO,33.528
141.5,11.8,PIEN,19.304
192.8,11.8,PIPO,27.686
60.7,12,PIPO,19.05
162.7,12,PIPO,40.132
186.1,12,POTR,10.668
18.5,12.1,PSME,25.654
73.2,12.2,PIEN,1.016
94.7,12.2,PIEN,33.274
102.7,12.2,PIPU,25.654
44.2,12.3,POTR,20.32
72.6,12.4,PIEN,14.224
105.8,12.4,PIEN,13.462
146.8,12.5,PIPO,19.812
63.2,12.6,PIPU,17.78
196.3,12.6,POTR,18.288
180.5,12.7,PSME,39.116
69.2,12.8,POTR,21.082
188.2,12.9,PIFL2,10.414
34.6,13,POTR,15.494
7.5,13.1,PSME,30.48
30.2,13.1,PIEN,20.828
59.9,13.1,PIEN,12.7
108.1,13.5,PIPO,24.384
144.8,13.5,PIEN,22.86
163.3,13.5,PIEN,11.684
42,13.6,PIPO,6.858
30.2,13.8,POTR,24.892
43.8,13.8,PIEN,3.048
119.3,13.8,PIPU,2.286
52.4,13.9,POTR,15.494
74.3,13.9,PIPU,8.382
22.4,14,POTR,9.144
51.2,14,PIPO,40.386
57.2,14,PIEN,10.16
63,14.1,PIEN,23.114
163.8,14.1,PIEN,8.382
184.8,14.1,PIEN,10.414
94,14.2,POTR,16.256
177.8,14.2,PIPO,8.128
80.6,14.3,PIPO,1.27
70.3,14.4,PIEN,3.302
76.2,14.4,PIEN,3.302
102.1,14.4,PIEN,3.81
24.1,14.5,PIPO,9.398
197.7,14.5,PIEN,13.716
100.8,14.6,PIEN,11.43
122.6,14.6,PIPO,8.128
175.7,14.6,PIEN,16.002
158.5,14.7,PIPO,21.59
56.3,14.8,PIPU,6.858
182.8,14.8,PSME,20.32
173,14.9,PSME,3.556
198.4,14.9,PIPO,28.702
56.3,15,PIPO,14.986
80.8,15,PIEN,19.05
63,15.1,PIPO,5.08
92.5,15.1,PSME,14.478
109.7,15.1,POTR,16.51
53,15.2,PIEN,20.574
59.8,15.2,PIPO,43.18
138.8,15.2,PIEN,8.382
19,15.3,PSME,10.668
119.2,15.3,PIEN,16.764
101.1,15.4,POTR,11.938
26.4,15.5,PSME,43.434
142.3,15.5,PIFL2,4.318
196.3,15.5,PIFL2,6.096
125.8,15.6,PIPU,12.954
26.3,15.7,POTR,14.732
70.6,15.8,PIFL2,1.524
163.6,15.8,POTR,26.416
136.7,15.9,POTR,26.67
93.6,16,PIEN,4.826
108.6,16,PIEN,16.256
27.2,16.1,POTR,7.366
164,16.1,POTR,10.668
68.6,16.2,POTR,7.112
91.4,16.2,PIEN,5.08
118.1,16.2,PIPO,39.37
133.2,16.2,PIPU,18.542
88.4,16.3,POTR,14.732
172.8,16.3,PIEN,22.606
180.3,16.4,PIPO,32.766
133.3,16.5,PIEN,2.54
34.2,16.6,PIEN,5.08
175.4,16.6,POTR,18.796
137.8,16.7,PIEN,9.144
20.1,16.8,PIEN,8.89
96.9,16.8,PIEN,11.684
103.6,16.8,PIEN,17.272
35.5,16.9,PSME,15.24
92.7,17.1,PIEN,1.27
95.9,17.1,PIEN,3.81
185.5,17.1,POTR,8.382
25.4,17.2,PIEN,16.256
163.5,17.2,PIEN,13.97
114,17.3,PIEN,5.08
198,17.3,PIPO,30.226
54,17.4,PIEN,2.54
63.8,17.4,POTR,11.938
82.5,17.4,PIPU,4.572
186.2,17.4,PIEN,4.826
43.5,17.5,PIEN,40.894
36.8,17.6,PIPO,19.558
57.8,17.6,POTR,20.828
142.2,17.6,PIPU,10.16
155.9,17.6,PSME,6.858
64.1,17.7,PIEN,14.224
68.9,17.8,PIPO,14.986
124.7,17.8,PSME,20.828
62.7,17.9,PSME,13.716
122.1,17.9,POTR,26.924
148.9,17.9,PIEN,1.778
6.2,18,POTR,12.7
93.8,18,POTR,17.272
115.2,18,PIEN,27.178
148.9,18,PIEN,3.048
68.3,18.1,PIEN,20.32
99.4,18.1,PSME,33.528
195.2,18.1,PIEN,4.064
16.1,18.2,PIEN,24.384
35,18.2,PIPU,22.098
69,18.2,PSME,49.53
28.6,18.3,PIEN,1.778
43.7,18.3,PSME,33.528
140.7,18.3,PIPO,23.876
52.6,18.4,PIPO,43.688
100.6,18.4,PSME,1.27
18.6,18.5,PIEN,8.128
21.8,18.5,POTR,17.272
84.5,18.5,PIPO,43.942
38.4,18.6,PIPO,26.162
123.2,18.6,PSME,30.988
137.5,18.7,PIPU,3.556
188.4,18.7,PIEN,11.938
9.7,18.8,PIEN,12.954
52,18.8,PIEN,11.176
107.1,18.8,PSME,27.686
198.3,18.8,POTR,14.732
35.7,18.9,PIEN,11.176
158.8,18.9,PIEN,5.08
50.3,19,PIPO,21.844
66.5,19,POTR,8.636
142.8,19,PIEN,6.35
162.5,19,PIEN,13.97
171,19,PIEN,12.954
12,19.1,PIEN,1.778
89,19.1,PSME,9.144
150.2,19.1,PIPO,21.844
194.5,19.1,PIEN,1.27
143.1,19.2,PSME,17.78
180.3,19.2,PIEN,38.354
19.3,19.3,PIPU,1.778
146.2,19.3,PIFL2,11.176
179.1,19.4,PIEN,7.874
123,19.5,PIEN,17.78
149.3,19.5,POTR,11.43
21.8,19.6,POTR,11.176
71.8,19.6,PIEN,17.018
129.9,19.6,POTR,6.604
132.7,19.6,PIPO,31.242
177.4,19.6,PIEN,1.524
139.6,19.8,PIPO,2.54
189.1,20,PIPU,7.112
75.5,20.1,PIPU,23.114
76.5,20.1,PIPU,49.53
85.7,20.1,PIPU,6.35
96.8,20.1,PIPO,18.288
112.6,20.1,PSME,15.494
122.9,20.1,PIPU,15.494
62.6,20.2,PIEN,3.556
117.6,20.3,PIPO,40.132
135.6,20.3,PSME,24.13
141.7,20.3,PIPO,2.286
196.5,20.3,PIEN,6.35
89.5,20.5,PIEN,2.032
2.2,20.6,PIEN,1.524
18,20.6,PSME,10.414
93.4,20.6,PIFL2,21.59
149.3,20.6,PIPU,2.794
80.1,20.7,PIEN,32.258
104.2,20.7,PIEN,2.54
182.6,20.7,PIPU,3.556
35.8,20.8,PSME,5.08
89.6,20.8,PIEN,7.62
180.8,20.8,PIPO,3.048
109.9,20.9,PIPU,2.794
98.6,21,PSME,16.764
130.9,21,PIEN,10.922
165,21,PIEN,3.302
198.3,21,POTR,19.304
66,21.1,POTR,16.51
123,21.1,PSME,19.05
168.1,21.1,POTR,17.018
78.4,21.2,PIPU,19.812
103.6,21.2,PIPU,11.938
117.6,21.2,PIEN,24.892
148,21.2,POTR,30.48
197.8,21.2,PSME,11.684
16.1,21.3,PIEN,21.844
140.1,21.3,PIPO,12.7
158,21.3,PIFL2,19.812
179.2,21.3,PIEN,9.144
45.7,21.4,PIEN,33.782
120.3,21.4,PIEN,2.286
125.2,21.4,PIEN,4.572
153.7,21.4,PIPU,19.558
171.6,21.4,PIEN,5.842
173.6,21.4,PIEN,1.778
126.4,21.5,PIEN,39.624
146.7,21.5,PSME,34.544
137.1,21.6,PIEN,2.032
146.6,21.6,PIEN,29.21
194.3,21.6,PIEN,4.064
60.2,21.7,PIPO,3.556
69.2,21.7,PIPO,34.544
142,21.7,PIPO,34.29
83.7,21.8,POTR,11.176
83.7,21.8,PIEN,24.13
133.7,21.8,PIFL2,16.002
159.4,21.8,POTR,9.652
15.8,21.9,PIEN,2.032
46.3,21.9,POTR,12.192
113.3,21.9,PSME,14.224
144.7,21.9,POTR,17.018
182.2,21.9,PIFL2,3.302
36.9,22,PIPO,25.4
73.3,22,PIEN,10.922
196.7,22,PIPO,2.286
196.7,22.1,PSME,33.782
143.8,22.2,PSME,24.892
151.4,22.3,PSME,21.59
22.8,22.4,PIEN,6.35
191.2,22.4,PIEN,9.652
133,22.5,PIFL2,20.066
136.4,22.5,PIPU,3.556
28.3,22.6,PIPO,19.558
61.4,22.6,PIEN,2.794
171.8,22.6,PSME,16.764
35.7,22.8,PIPO,49.022
119.3,22.8,PSME,20.828
164.1,22.8,PSME,25.654
189.7,22.8,PIEN,3.81
92.9,22.9,PIEN,2.54
110,22.9,PSME,43.942
128.7,22.9,PIEN,10.16
138.4,22.9,PSME,37.592
173.7,22.9,PIPU,2.286
82.3,23,PIEN,1.016
50.5,23.1,PIEN,11.43
144,23.1,POTR,14.478
162.1,23.1,PIEN,21.336
173.1,23.1,PSME,25.654
143.6,23.2,PIEN,7.112
15.9,23.3,PIEN,11.176
153.3,23.3,PIFL2,2.286
195.2,23.3,PIEN,4.064
68.6,23.4,POTR,19.558
196.8,23.4,PIPO,30.48
198.1,23.5,PSME,13.208
88.7,23.6,PSME,19.558
195.6,23.6,POTR,14.986
91.9,23.7,PIFL2,9.398
159.4,23.7,PIPO,46.99
21.3,23.8,PSME,44.704
47.3,23.8,PIEN,11.176
101.1,23.8,POTR,15.494
50,23.9,PIEN,3.556
112.1,24,PIPU,15.748
34.1,24.1,PIPU,7.112
49.7,24.1,PIPU,2.794
84.6,24.1,PIPU,9.652
149.8,24.1,PIEN,8.636
184.8,24.1,PIPU,1.778
75.8,24.2,PSME,12.446
61.4,24.3,POTR,24.384
132.1,24.3,PSME,35.814
71.4,24.4,POTR,19.812
144.1,24.4,POTR,7.366
195.1,24.4,PIEN,4.318
56.7,24.5,PIPO,23.622
98.2,24.5,PIPO,23.622
166.7,24.5,POTR,12.446
25.5,24.6,PIEN,25.908
110.2,24.7,PIEN,4.318
21.5,24.8,PIPO,28.702
33.2,24.8,PIEN,4.318
96.9,24.8,PIEN,4.318
165.1,24.8,PIPU,1.016
197.3,24.8,PIEN,20.828
111.8,24.9,POTR,19.812
180.5,24.9,PSME,36.576
28.1,25,PIEN,13.208
119.2,25,PIEN,7.874
133.6,25.1,POTR,11.938
135.2,25.1,PIEN,2.794
11.2,25.2,PSME,22.352
30.4,25.2,PIPO,20.574
34.2,25.3,PIEN,1.27
69.9,25.3,PIEN,16.002
143.3,25.3,PIPO,15.494
194.5,25.3,POTR,9.652
70.2,25.4,PIPU,15.748
82.3,25.4,PIEN,1.016
194.1,25.4,PIEN,1.27
101.8,25.5,PIEN,23.368
65.1,25.6,PIEN,6.604
140.2,25.6,PIPO,33.782
60.4,25.7,PIEN,8.128
92.1,25.7,PIEN,1.016
16.1,25.8,PIEN,2.032
144,25.8,PSME,26.67
190.8,25.9,POTR,18.542
199.7,25.9,PIEN,9.398
38.4,26,PIEN,2.286
51.9,26,PIEN,26.924
48.7,26.1,PIPO,5.334
148.3,26.1,PIEN,30.48
163.1,26.1,PIEN,18.288
29.7,26.3,PIEN,12.7
29.8,26.3,PSME,2.032
123.6,26.3,PIEN,12.192
145.6,26.3,PIEN,8.89
72.4,26.4,POTR,9.652
139.8,26.4,POTR,10.668
158.1,26.4,PIPO,25.654
170.6,26.4,POTR,7.62
102.2,26.5,PIEN,2.286
111.3,26.5,PIEN,14.478
125.7,26.6,PIEN,24.638
147.5,26.6,PIEN,12.446
151.7,26.6,PSME,12.7
13.9,26.8,PSME,14.478
185.2,26.8,PSME,43.18
29.5,26.9,POTR,18.542
41.9,26.9,PIEN,10.16
49.6,26.9,POTR,16.002
58.7,26.9,PIPU,9.144
120.8,26.9,POTR,27.178
148,27,PIPO,17.78
178.2,27,PIEN,4.826
61.5,27.1,PIEN,17.78
77.8,27.2,PIPU,4.318
134.7,27.2,POTR,11.43
25.1,27.3,POTR,12.192
122.5,27.3,PIPO,33.528
156.5,27.3,PIPU,17.526
23.6,27.4,POTR,10.16
26.9,27.4,PIPO,28.194
33,27.4,PSME,2.54
158.3,27.4,PIEN,1.27
65.7,27.5,PIPO,44.958
51.8,27.6,PIPO,10.414
145.3,27.6,PIPU,30.226
83,27.7,PIPU,20.828
107.3,27.7,POTR,13.97
197.2,27.7,PIPO,30.48
23.4,27.8,PIEN,14.478
32.4,27.8,PIEN,19.304
128.6,27.8,PIEN,2.794
134.7,27.9,PIEN,5.334
173.3,28,POTR,12.192
179.8,28,PIFL2,6.35
199.7,28,POTR,9.398
64.7,28.1,PIEN,12.954
72.4,28.1,POTR,8.382
74.7,28.1,PIEN,15.24
50.8,28.2,PIEN,14.732
60.1,28.2,PIEN,1.778
101.1,28.2,POTR,16.51
118.7,28.2,POTR,10.668
118.7,28.2,PIEN,4.826
93.3,28.3,PIEN,9.398
94.7,28.3,PIEN,2.032
107.4,28.3,PIEN,20.32
133.4,28.3,PSME,14.732
23,28.4,PIEN,1.524
88.7,28.5,PIPO,31.75
134.3,28.5,POTR,8.128
135.3,28.5,PIEN,2.54
177.3,28.5,PIEN,14.986
187.8,28.5,POTR,10.16
80.7,28.6,POTR,13.208
88.3,28.7,PIEN,7.874
136.5,28.7,PIEN,24.638
147.3,28.7,PIEN,7.62
178.6,28.7,POTR,15.494
189.4,28.7,POTR,20.828
190.5,28.7,PIEN,22.86
46.6,28.8,POTR,10.414
49.4,28.8,PIPU,3.302
79.3,28.8,PIEN,5.588
116.1,28.8,PIEN,6.604
46.8,29,PSME,60.198
66,29,POTR,13.716
69,29,PSME,17.526
115.8,29,PIEN,11.938
122.7,29,PIPO,29.464
138.1,29,PSME,11.176
44.7,29.1,POTR,13.97
62.1,29.1,PIEN,6.604
138.3,29.1,PIPO,2.794
10.3,29.2,PIPO,29.464
86.2,29.2,PSME,15.494
131.7,29.2,PIPO,15.748
158.4,29.2,POTR,24.892
16,29.3,PIEN,16.51
57.4,29.3,PIEN,10.414
70.3,29.3,PIEN,3.048
185.9,29.4,PSME,22.606
118.5,29.5,PIEN,14.732
137.1,29.5,PIPU,48.514
143.5,29.5,PIEN,8.89
164.9,29.5,PIPO,34.29
172.6,29.5,POTR,12.7
26.3,29.6,PIPO,26.924
112.5,29.6,PSME,1.524
134.7,29.6,PIEN,18.796
134.8,29.6,PIPO,21.844
22.1,29.7,PIEN,11.176
24.5,29.7,PIEN,18.034
197.5,29.7,PIEN,26.67
58.5,29.8,POTR,8.89
97.7,29.8,PIEN,37.338
186.2,29.8,PIEN,7.366
118.6,29.9,PIEN,5.588
14.8,30,PSME,43.18
73.2,30,PSME,21.082
103.7,30,POTR,10.922
135.7,30,PIEN,3.048
146.6,30,PSME,29.21
157,30,PIPO,20.574
194.6,30,PIPU,26.924
118,30.1,PIPO,20.066
175.8,30.1,PIEN,2.032
112.4,30.2,PIEN,2.032
167,30.2,PSME,17.272
173,30.3,PIEN,12.954
197.1,30.3,PSME,10.16
13.6,30.4,POTR,22.86
36.4,30.4,PIEN,7.112
59.7,30.4,PIPU,22.098
76.7,30.4,PSME,7.874
64.7,30.5,POTR,16.51
89.7,30.5,POTR,7.112
119.9,30.5,PIEN,25.908
122.1,30.6,PIPO,1.778
199.2,30.6,PIPO,20.828
59.9,30.7,PSME,8.636
93,30.7,PIPO,16.256
7.9,30.8,PSME,28.956
94.7,30.8,PIEN,3.556
125.6,30.9,PIPU,16.256
114.1,31,PIEN,13.716
116.5,31,PIFL2,29.21
174.4,31,PIEN,7.874
90.3,31.1,PIEN,8.89
104.7,31.1,PIPU,4.064
133.5,31.1,PIPO,16.51
139.3,31.1,PIEN,8.636
152.9,31.4,PIEN,33.02
163.1,31.4,PSME,21.336
191.1,31.4,POTR,12.7
110.5,31.5,POTR,5.842
123,31.5,POTR,14.986
150.3,31.5,PIPO,37.846
152.8,31.7,POTR,6.858
155.9,31.7,PSME,36.068
94.7,31.8,POTR,5.334
160.2,31.8,PIEN,5.588
161.4,31.8,PIEN,19.304
67.6,31.9,PSME,33.528
105.2,31.9,POTR,13.97
160.6,31.9,PIPU,23.368
160.8,31.9,POTR,12.7
161.3,31.9,POTR,12.192
199.6,31.9,PIPU,1.524
58.6,32,PIPO,32.258
143.4,32,PIEN,16.256
148.5,32,PSME,20.32
68.4,32.1,PIPU,38.1
162.1,32.1,PIPU,23.622
21.8,32.2,PIPO,2.54
76.6,32.2,PSME,14.986
99.2,32.2,PIEN,22.098
18.2,32.3,POTR,14.478
47.7,32.3,PIEN,6.604
75,32.3,PIPO,10.668
89.9,32.3,PSME,17.78
53.2,32.4,POTR,18.542
106.5,32.4,PIPU,4.318
107.2,32.4,PIPO,3.81
175.5,32.4,PIPO,1.27
155.7,32.5,POTR,16.002
26.2,32.6,POTR,13.208
130,32.6,POTR,18.542
18.1,32.7,PIEN,2.54
180.6,32.7,POTR,15.24
183.8,32.7,POTR,29.972
106.9,32.8,PIEN,14.224
136.3,32.8,PIEN,18.288
150.9,32.8,PSME,31.242
192.8,32.8,PIEN,11.176
152.8,32.9,PIEN,4.064
163.7,32.9,PIEN,8.89
99.4,33,PIPU,3.302
191.4,33,PIEN,14.478
75.3,33.1,PIFL2,8.382
77.1,33.1,PIPO,40.386
82,33.1,PIPU,3.81
87,33.1,PIEN,15.748
169,33.1,PSME,11.938
82.7,33.2,POTR,12.192
119.1,33.2,PIPO,14.478
164.9,33.2,PIEN,3.302
171.9,33.2,PSME,2.794
78.4,33.3,POTR,13.97
78.7,33.3,PIFL2,18.542
79.3,33.3,PIFL2,4.826
26.5,33.4,PIPO,22.606
129.5,33.4,PIEN,2.54
131.4,33.4,PIEN,2.54
190.4,33.4,POTR,11.176
191.6,33.4,PIEN,5.588
194.5,33.4,POTR,14.986
148.3,33.5,PIPO,34.798
82.3,33.6,PIPO,35.306
171.4,33.6,PIEN,17.272
54.7,33.7,PIPO,37.846
143.4,33.7,PSME,15.748
51,33.8,PSME,13.208
82.1,33.8,POTR,6.35
110.2,33.8,PIPO,7.62
158.7,33.8,PIEN,9.906
170.4,33.8,PIEN,33.274
75.6,33.9,PSME,59.182
176.3,33.9,POTR,26.162
183.9,33.9,PIEN,26.67
44.1,34,PIEN,7.62
108.6,34,PIEN,3.302
18.6,34.1,PIEN,22.86
56.7,34.1,POTR,9.398
70.1,34.1,PIPU,17.272
169.5,34.1,PIPO,16.51
174.7,34.1,PSME,25.4
199.2,34.1,POTR,17.526
104.3,34.3,PIEN,4.826
84.9,34.4,PSME,29.21
128.3,34.4,PIEN,6.604
27,34.5,PSME,6.604
31.4,34.5,POTR,8.636
137.2,34.5,PIPO,12.192
138.3,34.5,PIPU,31.75
103.6,34.6,POTR,16.51
196,34.6,POTR,8.89
134,34.7,POTR,15.494
147.4,34.7,PIEN,2.794
199,34.7,PSME,19.812
26.1,35,PIEN,4.826
53,35,PIPU,21.59
109.7,35,PSME,13.716
173.2,35,PIFL2,8.89
4.3,35.1,PIEN,5.334
15.6,35.1,PIPO,3.048
53.4,35.1,PSME,10.414
76.7,35.1,PIPU,10.922
87,35.1,PIPU,4.318
60.1,35.2,PIPO,57.404
127.1,35.2,PSME,22.86
18.5,35.3,PIPO,27.432
56.4,35.3,POTR,17.018
72,35.3,PIPU,3.302
120.4,35.3,PIPU,4.064
14.1,35.4,PIEN,17.272
29.5,35.4,POTR,29.21
87,35.4,PIPO,57.912
106.5,35.4,POTR,13.208
133.3,35.4,PIPU,25.654
191.8,35.4,PIEN,9.398
197.2,35.4,PIEN,3.048
41.1,35.5,PIEN,2.032
70.2,35.5,PIEN,2.54
83.1,35.5,PSME,24.638
100.6,35.5,PIFL2,10.668
102.8,35.5,PIPO,36.576
136,35.5,PIEN,32.766
51.7,35.6,PIEN,9.652
41.3,35.7,PIPO,54.102
177.7,35.7,PIPU,26.924
185.5,35.7,PIEN,14.986
189.1,35.7,PIEN,7.112
18.8,35.8,PIEN,5.08
85.4,35.8,POTR,7.874
108.6,35.8,PSME,21.336
137.7,35.8,PIPO,24.892
161,35.9,PIPU,1.778
20.2,36,PIPO,20.828
37.4,36,POTR,11.938
119.3,36,PIPU,22.606
82.4,36.1,PIEN,19.558
89,36.3,PSME,4.572
9.8,36.4,PSME,34.036
14.5,36.4,PIEN,4.572
61.4,36.4,PIEN,14.224
79.4,36.4,POTR,17.018
101.8,36.4,PIPO,10.16
120.8,36.4,PIEN,19.05
179.7,36.4,POTR,20.066
31.1,36.5,PIEN,21.082
109.7,36.5,PIEN,6.096
197.9,36.6,PIPU,10.668
24.7,36.7,POTR,17.018
34,36.7,PIPU,7.62
95.2,36.7,PSME,23.622
56,36.8,PSME,20.32
184.1,36.8,PIEN,18.542
78.7,36.9,PIPO,41.656
193.7,36.9,PIPO,19.05
168.9,37,POTR,26.67
44.7,37.1,PIEN,22.86
85.6,37.1,PIEN,20.32
169,37.1,PIPU,1.016
171.7,37.1,PIEN,17.018
16.4,37.2,POTR,10.414
116.3,37.2,PIEN,1.016
72.2,37.3,POTR,19.812
130.9,37.3,PIPO,25.654
148.9,37.3,PIFL2,13.97
14.8,37.4,PIPO,1.016
45.6,37.4,PIEN,2.286
51.7,37.4,PIEN,11.938
53.8,37.5,PSME,47.752
83.6,37.5,PIEN,24.13
106.6,37.5,PIPO,7.366
108,37.5,PIPO,30.226
159.4,37.5,PIPO,14.478
33.8,37.6,PIPO,21.336
61.8,37.6,PIEN,3.048
141.8,37.6,PIEN,4.572
144.8,37.6,PIEN,25.654
116.3,37.8,PIPU,17.78
138,37.8,PIPU,15.24
172.7,37.8,PIPU,6.858
39.5,38.1,PIPU,26.416
58.5,38.1,PSME,17.78
72.7,38.1,PIPO,25.4
155.5,38.1,PIEN,2.286
163.4,38.1,PIFL2,13.208
197.2,38.1,PIPO,18.796
129.1,38.2,POTR,11.43
159.6,38.2,PIEN,14.732
176.6,38.2,POTR,13.462
54.3,38.3,PIEN,29.464
165.2,38.3,POTR,14.986
186.7,38.3,PIEN,10.922
120.7,38.4,PSME,11.938
134.1,38.5,PSME,17.78
77.6,38.6,PSME,44.45
54.2,38.7,PIEN,11.684
146.5,38.7,PIEN,10.922
188.5,38.7,PSME,3.048
167.3,38.8,PIEN,8.89
11.9,38.9,PSME,16.764
131.1,38.9,PSME,10.668
133.7,38.9,PIPO,40.386
50.2,39,PIEN,1.016
78.7,39,PIPU,12.192
155.8,39,PIPO,42.164
177.4,39,PIPU,12.954
177.4,39,PSME,11.43
171.5,39.1,PIEN,2.032
83.1,39.2,POTR,19.05
197.2,39.2,PSME,31.75
199.7,39.2,POTR,12.954
13,39.3,PIEN,13.462
17.8,39.3,PIPO,52.832
132.3,39.3,PIEN,11.176
184.6,39.3,PIPO,11.938
198.3,39.3,PIPO,44.45
95.3,39.4,PIFL2,1.524
135.9,39.4,PIEN,13.208
142.1,39.4,POTR,8.636
190.4,39.4,PIEN,8.128
37,39.5,PIPO,9.906
74.9,39.5,PIEN,3.048
184.4,39.5,PIEN,11.43
72.6,39.6,PIEN,7.366
123.2,39.6,PSME,1.016
188,39.6,PIPO,3.048
28.1,39.7,PIPO,4.318
104.5,39.7,POTR,9.398
120.5,39.7,PIEN,12.192
152.8,39.7,PIPO,32.512
160.1,39.7,PIEN,17.526
179.9,39.7,POTR,5.842
193.1,39.7,PSME,19.812
20.4,39.8,PIEN,8.382
162.8,39.8,POTR,9.652
86.9,39.9,PIEN,14.986
130.9,39.9,PIPU,2.794
186.6,39.9,PSME,57.15
154.1,40,POTR,5.08
189.2,40,PSME,28.702
65.8,40.2,PIPO,16.51
35.6,40.3,PSME,29.464
49.9,40.3,PIEN,5.842
88.3,40.3,PIEN,16.51
54.2,40.4,PIEN,9.398
84.9,40.4,PIPU,2.032
92.4,40.4,PIPU,3.048
194.6,40.4,POTR,13.462
45.7,40.5,PIEN,1.27
68.6,40.5,PIPO,13.716
119.4,40.5,PIEN,17.78
145.8,40.6,PIEN,3.81
10.7,40.7,PSME,42.926
15.4,40.7,POTR,28.956
22.9,40.7,PIEN,2.286
27,40.7,PIEN,1.524
34.2,40.7,PSME,20.828
125.6,40.7,PSME,24.638
134.2,40.7,PIEN,11.176
37.9,40.8,PIPO,24.638
140.4,40.8,PIFL2,23.876
157,40.8,POTR,6.604
59.1,40.9,PIPO,42.418
108.1,40.9,PSME,1.524
163.3,40.9,POTR,11.684
38.9,41,POTR,14.986
138.1,41,PIPU,17.78
140.6,41,PIPU,16.764
23.5,41.1,POTR,22.352
32,41.1,PIFL2,8.89
113,41.1,PIPU,24.13
117.5,41.1,PIEN,17.272
147.7,41.1,PIPU,26.67
28.1,41.2,PSME,30.226
66,41.2,PIEN,1.524
109.2,41.2,PSME,14.732
137.8,41.2,PSME,32.004
151.1,41.2,PIEN,24.13
198.9,41.2,POTR,10.414
69.3,41.3,PIEN,18.288
58.7,41.4,PIPO,8.89
116.1,41.4,POTR,10.922
130.5,41.4,POTR,30.48
133.2,41.4,PIEN,1.016
44.8,41.5,PIPO,7.62
83.6,41.6,PIEN,13.208
123.9,41.6,PIPU,4.572
140,41.6,PIEN,8.636
156,41.6,POTR,17.526
164.3,41.6,PIPU,8.89
12,41.7,PSME,19.558
33.9,41.8,POTR,26.67
44.1,41.8,PIPU,16.256
123,41.8,POTR,17.78
157.3,41.8,PIEN,4.826
42.8,41.9,POTR,16.256
179.7,42,POTR,17.526
196.6,42,PIEN,11.176
120.6,42.1,PIEN,1.524
140.1,42.1,POTR,18.796
189.1,42.1,POTR,13.716
57.7,42.2,POTR,20.32
147.4,42.2,PIFL2,6.604
80.1,42.3,PIEN,5.08
198.2,42.3,PSME,19.304
30.2,42.4,PIPO,39.116
29.2,42.5,POTR,15.748
179.9,42.5,POTR,15.748
14.7,42.6,PIEN,1.27
28.4,42.6,POTR,8.382
57.9,42.6,PIEN,20.066
142.8,42.6,PIEN,36.322
166.6,42.6,PIPO,1.524
8.1,42.7,PIEN,11.684
21.8,42.7,PIPU,17.78
41.9,42.7,PIPO,7.874
35.6,42.8,PIPU,4.826
125.5,42.8,PIEN,29.21
137.7,42.8,PIPO,16.764
159.2,42.8,PSME,26.162
194.6,42.8,POTR,10.668
22.3,42.9,PSME,23.368
39,43,PIPU,4.826
65,43,PIPO,6.096
77.9,43,PIPO,6.858
104.5,43,PIEN,4.318
93.3,43.1,PIPU,29.464
110,43.1,PIEN,15.494
165.6,43.1,PIPU,1.27
62.4,43.2,PIEN,16.764
84.7,43.2,PSME,40.64
138.1,43.2,PIEN,7.874
151.3,43.2,PIEN,18.796
3.6,43.3,PIEN,37.592
25.4,43.4,PSME,7.62
181.3,43.4,PIPO,44.704
110.5,43.5,PIPU,5.842
186.4,43.5,PIEN,14.478
69.1,43.6,POTR,12.7
197.8,43.6,POTR,28.702
61.9,43.7,PIEN,18.034
85.2,43.7,POTR,22.098
64.4,43.8,PIEN,14.986
196.5,43.8,PIEN,25.4
111.5,43.9,PIEN,7.62
151,43.9,POTR,15.24
153.8,43.9,PIEN,3.556
20,44,PIEN,22.098
124.3,44,PSME,26.67
135.7,44,POTR,16.51
120,44.1,PIPO,36.576
33,44.2,PIFL2,11.176
82.9,44.2,PIEN,2.286
136.3,44.2,PIEN,7.112
117.7,44.3,PIEN,1.27
145.9,44.3,PIEN,18.796
152.7,44.3,PIPO,22.606
20.2,44.4,PIEN,16.51
73.9,44.4,PIFL2,3.302
98.6,44.4,PIPO,1.778
18.7,44.6,PIEN,26.416
125.9,44.6,PIEN,8.382
136.6,44.7,PIPO,2.286
177.4,44.7,PIEN,19.558
73.5,44.8,POTR,18.288
29.1,44.9,PIPU,4.572
162.2,44.9,POTR,8.89
181.8,44.9,PIEN,10.922
155.1,45,PSME,37.592
163.7,45,PSME,2.286
176.9,45,PIEN,31.75
185.9,45,PSME,40.64
71.4,45.1,PIPO,26.67
61.9,45.2,PIEN,3.302
141.1,45.2,POTR,15.24
85.6,45.3,POTR,15.494
144.1,45.3,PIPU,2.54
179.2,45.3,PSME,20.32
195.9,45.3,PIEN,4.572
158.7,45.5,PIPO,19.812
186.2,45.5,PIEN,10.414
185.2,45.6,PSME,37.846
73.6,45.7,POTR,13.716
167.4,45.7,PIEN,19.304
97,45.8,PSME,18.796
189.8,45.8,POTR,17.526
48,45.9,PIPU,24.384
78.8,45.9,PSME,2.032
79.6,45.9,PIPU,13.462
157.4,45.9,PIEN,5.334
186.2,45.9,PIEN,21.59
15.1,46.1,PSME,20.32
47.7,46.1,PIEN,6.858
48.6,46.1,PIPU,5.334
170.6,46.2,PIPU,15.494
9.1,46.3,PIEN,18.796
18.6,46.3,POTR,6.35
27.2,46.3,PIPO,37.338
65.5,46.3,PIPO,36.068
114.6,46.3,PSME,36.83
126,46.3,PSME,1.778
135.9,46.3,PIEN,21.844
140.5,46.3,PSME,19.304
165.2,46.3,PIEN,7.62
61.1,46.4,PIPO,4.064
64.2,46.4,PIPU,19.812
119.8,46.4,PIEN,4.318
126.4,46.4,PSME,1.016
128.4,46.4,POTR,6.096
198.5,46.4,PIEN,3.556
181.6,46.5,PIEN,6.096
197.6,46.5,PIPU,2.794
193.9,46.6,PIPU,3.302
80,46.7,PIFL2,15.748
107.1,46.7,PIEN,4.572
154.6,46.7,PIEN,15.748
20.6,46.8,POTR,28.702
118.3,46.8,PIEN,11.43
130.8,46.8,PIEN,8.382
13.2,46.9,PIEN,7.112
153,46.9,POTR,19.304
39.6,47,PIEN,15.494
159.8,47,PIPO,29.21
32.3,47.1,PIPU,5.334
158.3,47.1,POTR,14.986
170.7,47.2,PIPU,19.304
33,47.3,PIEN,4.318
77.2,47.3,POTR,18.288
149,47.3,PIPU,12.954
161.5,47.3,PSME,17.018
176.9,47.3,PIPO,33.528
43.4,47.4,PIEN,23.368
59.4,47.4,PIEN,24.638
129.1,47.4,PSME,24.13
146.9,47.4,PIEN,16.256
168.7,47.4,PSME,9.398
122.2,47.6,PIPO,23.368
127.8,47.6,PIEN,1.016
138.6,47.6,PIEN,22.86
138.4,47.7,PSME,29.718
11.5,47.8,PSME,21.082
47.6,47.8,PIPU,21.082
78.9,47.8,PIEN,12.446
96.7,47.8,POTR,12.954
186.3,47.8,PIPU,16.256
36.4,47.9,PIEN,27.686
108.8,47.9,PIEN,25.4
147.7,48.1,PSME,17.018
168.5,48.1,PIEN,3.048
87.9,48.2,PIEN,2.794
121.7,48.3,PIFL2,1.778
25.6,48.4,PSME,22.86
80.4,48.4,PIEN,4.572
152.1,48.5,PIEN,3.81
149.9,48.6,PSME,8.89
64.9,48.7,PIPO,14.986
91.6,48.7,PIPO,43.18
103,48.7,PIEN,5.08
137.7,48.7,POTR,7.112
197.5,48.7,PIEN,3.302
14.9,48.8,PIEN,28.702
109.4,48.9,PIEN,9.652
115.4,48.9,PIEN,5.334
15.8,49,PIEN,6.858
22.2,49,PIEN,2.54
85.6,49,POTR,11.43
188.8,49.2,PIEN,16.002
103.7,49.3,PIEN,10.414
98.6,49.4,PIPO,26.924
181,49.4,PIPO,36.576
122.9,49.6,POTR,9.906
131.3,49.7,PIPO,14.986
136.6,49.7,POTR,9.144
90.4,49.8,PIEN,3.048
18,49.9,PIEN,21.59
122.9,49.9,PSME,7.874
150.4,49.9,PIEN,3.048
154.3,49.9,POTR,16.002
94.8,50,PIPU,5.334
139.6,50,PIEN,7.874
19.5,50.1,PIEN,50.292
188.2,50.1,PSME,19.304
115.4,50.2,PIEN,15.494
12.5,50.3,PIPO,3.302
33.1,50.3,PIPU,4.572
33.8,50.3,PIEN,14.732
158.5,50.3,PIEN,6.35
199.4,50.3,PIEN,11.176
182.6,50.4,POTR,14.732
87.9,50.5,PIPO,20.574
115.2,50.5,POTR,8.382
136.1,50.5,PIEN,1.524
180.6,50.5,PSME,7.62
39.2,50.6,PIEN,21.336
93.2,50.6,PIEN,8.382
59.6,50.7,PIEN,1.27
125.3,50.7,PIPU,16.764
151.1,50.7,PIPU,7.62
69.6,50.9,PIEN,14.732
96.4,50.9,PIPU,18.542
138.7,50.9,PIEN,2.286
186.9,50.9,PIEN,24.384
30.9,51,PIEN,1.27
77.2,51,PIPO,10.922
165.1,51,POTR,5.588
11.7,51.1,PIEN,6.604
74.1,51.1,PIPU,19.812
88.1,51.1,PIFL2,1.524
119.5,51.1,PIPU,1.016
147.7,51.1,PIEN,19.304
155.4,51.1,POTR,10.16
21.1,51.2,PIFL2,2.794
172.1,51.2,PIFL2,16.764
190.7,51.2,PSME,14.478
65,51.3,PIEN,2.794
105.8,51.3,PIEN,41.656
123.7,51.3,POTR,31.496
169.9,51.3,POTR,6.604
73,51.4,PIEN,9.398
113.1,51.4,PIPU,6.35
118.6,51.4,PIEN,1.27
177.9,51.4,POTR,18.542
81.4,51.5,PSME,9.906
82.5,51.5,PIPU,2.54
153.6,51.5,PIEN,23.114
27.8,51.6,POTR,16.51
63.1,51.6,PSME,30.48
90.5,51.7,PSME,11.43
130.6,51.7,PIPO,8.128
148.8,51.7,PIEN,6.858
156.7,51.7,POTR,11.43
67.9,51.8,PIEN,28.956
179.3,51.8,POTR,6.604
193.7,51.8,POTR,14.986
196.7,51.8,PSME,24.638
54.7,51.9,PIPU,2.54
133.3,51.9,PSME,35.052
61.6,52,PIEN,6.604
82.5,52,PIEN,8.636
101.7,52,PIPO,10.16
88.3,52.1,PIPO,42.672
131.4,52.1,POTR,24.892
157.7,52.1,PIEN,5.842
188.9,52.2,PIPO,2.794
21.2,52.3,PIEN,1.016
73,52.3,POTR,16.764
102.5,52.3,PIEN,17.78
180.9,52.3,POTR,8.89
126.6,52.4,POTR,51.308
161.1,52.4,PIPU,2.54
98.1,52.5,PSME,19.558
199.9,52.5,PIEN,3.302
22,52.6,PIEN,3.81
143.6,52.6,PIEN,36.83
91.5,52.7,PIPO,3.81
151.6,52.7,PIPU,1.016
157.8,52.7,PIPO,35.56
195.3,52.7,PIEN,1.778
87.5,52.8,PIPO,14.986
151.2,52.8,PIEN,4.064
179,52.8,POTR,12.7
182.5,52.8,PIEN,9.652
48.7,53,PIFL2,3.302
77.9,53,PIEN,1.27
84.4,53,PIEN,1.778
127.5,53,PIEN,8.128
198.7,53,PIEN,2.54
22.1,53.1,POTR,14.732
33.5,53.1,PIEN,18.542
75.2,53.1,PIPU,13.462
100.6,53.1,PIEN,6.858
121.4,53.2,PIEN,3.302
130.5,53.2,POTR,17.272
26,53.3,PIPU,6.604
171.4,53.3,PIPO,16.764
185.6,53.3,PIEN,33.528
188.4,53.3,PIEN,3.302
198,53.4,PIEN,6.858
141.9,53.6,PIEN,8.89
191.5,53.6,PIEN,10.414
126,53.7,POTR,22.86
35.4,53.9,PIPO,32.258
67.8,54,PIEN,16.002
48.4,54.1,PIEN,26.162
153.3,54.1,PIEN,1.524
162,54.3,PSME,16.51
15.9,54.4,PIPO,27.432
44.1,54.4,PSME,20.828
82.1,54.4,PIEN,1.778
100.6,54.4,PIPU,3.302
37.4,54.5,PSME,11.938
73.5,54.5,PSME,19.812
136.5,54.5,PIEN,10.414
187.9,54.5,POTR,15.24
37.3,54.6,PIEN,16.002
155.2,54.6,PSME,18.796
63.4,54.7,POTR,17.272
193.7,54.7,POTR,17.272
19.2,54.8,POTR,17.018
80.6,54.8,POTR,20.574
121.3,54.8,PIEN,1.524
158,54.8,PIPU,5.842
179.9,54.8,PSME,19.05
66,55,POTR,11.43
69.9,55,PIPU,15.494
119,55,PIEN,1.016
152.4,55,PIEN,21.844
9.4,55.1,PIEN,7.62
78.1,55.1,PSME,31.75
147.4,55.1,POTR,10.668
191.1,55.1,PIFL2,4.318
92.2,55.2,PIEN,27.178
125.8,55.3,PIPO,13.462
121.5,55.4,PIPO,24.13
185.9,55.4,POTR,6.35
26.4,55.6,PIEN,7.112
122.2,55.6,PSME,22.86
138.6,55.6,PIEN,5.588
197.4,55.6,POTR,10.16
193.8,55.7,PIFL2,8.382
141.5,55.8,PIPO,1.524
172.9,55.8,PIPO,8.128
142.5,55.9,PIEN,13.716
137.7,56,PIEN,6.35
179.3,56,PIEN,13.716
181.6,56,PIPU,10.922
58.5,56.1,PIEN,9.652
122.7,56.1,POTR,11.176
126.2,56.2,PIPO,2.54
47.6,56.3,PIEN,13.462
48.5,56.3,PIPO,21.59
63.4,56.4,PIEN,17.526
190.1,56.4,PSME,12.7
198.2,56.4,POTR,16.51
82.7,56.5,PIEN,6.858
136.5,56.5,PIPO,1.524
152.3,56.5,PIPO,47.498
168.6,56.5,PSME,3.556
170.5,56.5,PSME,1.524
43.4,56.6,POTR,10.16
60.2,56.6,PIEN,3.048
128.6,56.7,PIPU,22.86
175.9,56.7,PIEN,13.97
189.1,56.7,PIEN,29.972
22.4,56.8,PSME,32.512
132.6,56.8,PIEN,4.318
14.5,56.9,PIPO,38.608
61.9,56.9,PIEN,6.858
125.4,56.9,PIEN,10.922
43.6,57,POTR,16.764
90.9,57,POTR,24.13
170.9,57.1,PIPO,10.668
176.3,57.1,PIEN,12.7
43.7,57.2,PIEN,25.146
64.1,57.2,PIEN,15.748
73.8,57.2,PIPO,1.778
87.3,57.2,PIPU,12.7
180.3,57.2,PIEN,30.48
15.8,57.3,POTR,11.938
135.4,57.3,POTR,27.432
174.4,57.3,PIPU,39.624
22.8,57.4,PSME,32.258
68,57.4,PIEN,32.258
134.7,57.4,PIEN,11.684
43.5,57.5,PIPO,10.16
49.5,57.5,PIEN,31.496
88.9,57.5,PIPO,22.352
158.3,57.5,PIFL2,10.16
77.2,57.6,PIEN,4.572
98.8,57.6,PIPO,51.054
77.3,57.7,PIEN,13.716
125.8,57.7,PIEN,1.27
170.5,57.7,PIEN,12.7
15.8,57.8,PSME,22.352
33.8,57.8,POTR,14.732
97.1,57.8,PIPU,5.08
33.5,57.9,PIPO,4.572
108.2,57.9,PIEN,26.924
177,57.9,PIPU,3.81
197.5,57.9,PIEN,18.288
126.9,58,PIPO,35.56
144.8,58,PIEN,23.368
45.4,58.1,PSME,19.304
127.8,58.1,PIPU,41.91
72.3,58.2,PIFL2,14.478
167,58.3,PIEN,10.16
75.8,58.4,PIPO,29.21
87.5,58.5,PIPO,39.624
114.3,58.5,PIPO,17.018
90.4,58.6,PIPO,47.244
102.9,58.6,PIPO,18.034
98.5,58.7,PIEN,19.558
198.2,58.7,PIEN,34.798
122.2,58.8,PIFL2,4.826
196.2,58.8,PIEN,39.878
125.1,59,PSME,3.81
57.5,59.2,PIPO,33.02
118.1,59.2,PSME,25.146
165.1,59.2,PIEN,2.54
171.7,59.2,PIEN,7.62
183.2,59.2,PIEN,11.684
188.1,59.2,POTR,10.922
196.3,59.2,PIPO,15.748
71.3,59.4,PIPO,12.7
125.4,59.4,PSME,15.748
151.4,59.4,PIEN,8.89
163.1,59.4,PSME,33.274
173.1,59.4,POTR,13.462
29.1,59.5,PIPO,30.48
103.5,59.5,PIEN,24.892
35.5,59.6,POTR,21.336
53.7,59.6,PIEN,1.016
100.1,59.6,PIPO,42.672
125.5,59.6,PSME,22.098
104.7,59.7,PIPO,19.812
117.9,59.7,PIPO,30.734
158,59.7,PIPO,20.32
167.6,59.8,POTR,17.272
179,59.9,PIEN,6.604
98.8,60,PIEN,7.62
155.1,60,PIEN,5.08
59.5,60.1,PSME,27.686
27.3,60.2,PIEN,20.32
199.7,60.3,PSME,39.37
22.3,60.4,POTR,18.288
135.7,60.4,PIEN,17.78
142.1,60.4,PIFL2,50.292
156.1,60.4,PIPO,7.366
190.1,60.4,PIEN,12.7
146.8,60.5,PIEN,15.494
40.6,60.6,PIPU,5.08
98.1,60.6,PSME,10.922
70.4,60.8,PSME,28.448
94.1,60.8,PIEN,15.748
123.7,60.9,POTR,10.414
168.8,61,POTR,7.874
170.5,61,PIEN,4.064
88.9,61.1,PIPO,3.81
115.9,61.1,PIPU,1.27
80.6,61.2,PIFL2,10.16
92.5,61.2,POTR,13.97
133.8,61.2,PIPO,9.398
61.5,61.3,PIPO,31.496
111.2,61.3,PSME,12.192
123.8,61.3,POTR,19.812
184.8,61.3,PIPU,13.97
195.8,61.3,POTR,7.62
56.9,61.4,PSME,23.114
79,61.4,POTR,7.874
185.6,61.6,PIEN,2.286
20.5,61.7,PIPO,6.604
73,61.7,PIEN,4.826
99,61.7,PIPO,4.318
185.5,61.7,POTR,27.686
60.2,61.8,POTR,14.732
79,61.8,PIEN,11.176
146.3,61.8,PSME,39.37
47.2,61.9,PSME,26.162
153.6,61.9,PIEN,17.272
127.7,62,PIPU,25.4
199.5,62,PIEN,2.286
173.8,62.1,PSME,25.654
187.1,62.1,PIEN,13.208
70.3,62.2,PIPO,23.368
102.8,62.2,POTR,6.858
114.7,62.2,PIPU,20.828
150.9,62.2,PIEN,11.43
59.2,62.3,PSME,3.81
136.6,62.3,PIPU,12.446
16.6,62.4,POTR,10.414
80.4,62.4,PIEN,6.604
60.1,62.5,PIPU,12.7
157.3,62.5,POTR,19.304
178.6,62.5,PIPU,1.27
29.5,62.6,PSME,54.356
58.7,62.6,PIEN,9.652
91.1,62.6,PIPU,3.81
120.2,62.6,PIPU,2.54
88.2,62.7,PSME,26.162
101.2,62.7,PIPO,9.144
120.8,62.7,PIPO,16.256
149.3,62.9,PIEN,9.652
184.3,62.9,PIEN,15.748
20.8,63.1,PIEN,14.732
72.9,63.2,POTR,7.112
111.3,63.2,PSME,33.02
135.6,63.2,PIPU,6.858
19.7,63.3,PIEN,14.478
27.8,63.3,POTR,12.7
68.2,63.4,PIEN,26.67
139.1,63.4,PSME,28.448
191,63.4,PSME,30.226
104.7,63.5,PIEN,14.224
159.4,63.5,POTR,16.764
61.7,63.6,PIEN,16.256
83.9,63.6,PIEN,6.35
128.5,63.6,PIPU,45.974
144.3,63.7,PIPO,2.794
189.8,63.7,PSME,13.716
12.8,63.8,PSME,26.67
69.5,63.8,PIEN,6.35
89.9,63.8,POTR,15.748
96.8,63.8,PIEN,20.574
126,63.8,PIPO,34.544
104,63.9,PIPU,20.066
55.8,64,POTR,14.986
82.5,64.1,PSME,10.668
186.4,64.1,PIPO,20.066
69.7,64.2,POTR,24.892
128.7,64.2,PIPO,2.54
142.2,64.2,PIEN,11.684
156.4,64.2,POTR,12.7
184.4,64.3,PIPO,39.624
190.5,64.3,PIEN,10.414
38.9,64.4,PIEN,10.668
108.7,64.4,PIPU,1.524
146,64.4,PIPU,1.27
171.2,64.4,PIPO,22.606
34.5,64.5,PSME,9.144
41.5,64.6,PIPO,7.112
69.4,64.6,PSME,19.558
79.5,64.6,PIEN,17.018
109.3,64.6,PIEN,18.542
116,64.6,PSME,29.21
37.7,64.7,PIEN,9.398
95.5,64.7,PIFL2,10.16
100.2,64.7,PIPO,20.574
138.2,64.7,PIEN,9.906
176.6,64.7,PIEN,42.672
190.5,64.7,PIPU,33.782
136.7,64.8,PSME,1.524
166.1,64.8,PIPO,48.514
188.6,64.8,POTR,29.21
127.6,64.9,PIPO,48.006
76,65.1,PSME,11.684
106.1,65.1,PIEN,2.54
126.8,65.1,PSME,17.018
39,65.2,PIFL2,5.588
110,65.2,PSME,16.51
127,65.2,POTR,11.938
176.5,65.2,PIPO,34.036
178,65.2,PIFL2,4.318
77.1,65.3,PIEN,1.016
164.2,65.3,PIEN,3.302
76.2,65.4,PIPU,8.636
138.7,65.4,PSME,34.29
75.6,65.5,PIEN,3.302
84.7,65.6,POTR,17.272
165.5,65.6,POTR,15.24
122.4,65.7,PSME,20.574
36.2,65.8,PSME,2.54
95.3,65.9,PIEN,2.286
114.1,65.9,PIEN,11.684
176.8,65.9,PIPO,11.684
32.2,66,POTR,16.51
79.6,66,POTR,18.796
137.3,66,POTR,13.97
162.6,66,POTR,14.478
163.2,66,PIEN,10.16
48.6,66.1,PSME,53.086
51.7,66.1,PIEN,1.27
97.9,66.1,PIPO,4.826
25,66.2,PIEN,4.826
35.9,66.2,PIEN,2.286
61.5,66.2,PIEN,15.748
34.2,66.3,PIEN,19.304
71.2,66.3,PIPO,33.274
135.5,66.3,PIPO,47.752
68.1,66.4,PIEN,21.082
74.4,66.4,PIEN,2.032
98.5,66.6,PIPU,21.336
111,66.6,PIEN,37.338
131.9,66.6,PIEN,8.128
169.1,66.6,PIEN,6.35
18,66.7,PIPO,36.576
117.6,66.7,PIFL2,3.81
56.6,66.8,PIPO,2.032
76.8,66.8,PIEN,5.08
83.6,66.8,PIPO,21.082
147.9,66.8,PSME,35.814
148.3,66.8,PIPO,17.526
160.4,66.8,POTR,18.796
183.8,66.8,PIPU,8.128
145.1,66.9,PIPO,10.16
126.4,67,POTR,13.716
179.2,67,PIFL2,24.13
111.1,67.1,PIEN,33.782
31.7,67.2,PIPU,1.778
55.8,67.2,PIPU,29.718
79.4,67.2,PIEN,16.51
70.6,67.3,PSME,20.32
177.3,67.3,PIPO,40.132
145.3,67.4,PIEN,4.318
161.1,67.4,PIEN,6.858
88.9,67.5,PSME,10.414
159.2,67.5,PIEN,1.27
39.3,67.6,PIEN,1.016
89.5,67.6,PIPU,1.524
79.1,67.7,POTR,30.734
92.1,67.7,PIEN,10.668
110,67.7,POTR,15.494
131.2,67.7,PIEN,10.922
142.1,67.7,PIEN,28.956
153.1,67.7,PIEN,11.43
42.5,67.8,PIFL2,16.764
51.5,67.8,PSME,3.556
59.2,67.8,POTR,13.97
142.8,67.8,PIPO,14.732
40.6,67.9,PIEN,10.668
117.5,68,PIEN,7.62
178.5,68,PIPO,26.67
43.6,68.1,PIPO,37.592
100.9,68.1,PIEN,1.778
39.1,68.2,PIEN,6.35
87.6,68.2,PIEN,4.572
169.7,68.2,POTR,13.97
19,68.3,PSME,4.064
101.3,68.3,PIEN,19.05
92.3,68.4,PSME,14.478
198.1,68.4,POTR,9.906
19.1,68.5,POTR,12.954
158.2,68.5,PIEN,3.556
59.1,68.6,PIEN,2.794
89.1,68.6,PIPO,5.08
113.3,68.6,PIEN,11.684
25.1,68.7,PIEN,17.018
109.2,68.7,PIPO,11.938
131,68.7,PIPU,2.286
160.6,68.7,PIPU,5.588
184.5,68.7,PIPO,14.224
197.5,68.7,PIEN,1.27
199.8,68.7,PIEN,6.35
85.3,68.8,POTR,23.114
105.7,68.8,PIEN,5.588
49.2,69,PIPO,39.37
53.2,69,PIPU,7.112
60,69,POTR,29.972
60.3,69,PIPO,55.626
88.5,69,PIFL2,9.144
112.3,69,PIEN,7.62
113.3,69,POTR,12.192
149.2,69,PIEN,6.096
175.7,69,PSME,33.782
192.5,69,PIEN,19.812
56.9,69.1,PSME,28.194
113.3,69.1,POTR,14.986
25.4,69.2,PIEN,1.524
178.9,69.2,PIEN,1.524
191,69.2,PIEN,16.51
153.1,69.3,PIEN,18.034
161,69.3,PIEN,20.828
71.4,69.4,PIEN,15.494
112.7,69.4,POTR,20.828
186.6,69.4,PIPO,32.258
191.4,69.4,PSME,6.35
98.9,69.5,PIPO,19.812
130.1,69.5,PIEN,29.972
94.6,69.6,PIEN,23.622
31.3,69.7,PIEN,22.352
68.9,69.7,PIEN,6.096
142.4,69.7,PSME,17.272
82.4,69.8,PIEN,15.494
135.3,69.8,PIPU,2.032
27.7,69.9,PIEN,11.176
108.4,69.9,PIEN,16.51
185.3,69.9,PIEN,25.4
138.6,70,PSME,15.494
76.3,70.2,PIEN,6.35
106.4,70.2,POTR,18.034
117.3,70.2,POTR,11.938
119.6,70.2,PIPO,9.144
76.9,70.3,PIPO,43.942
113.2,70.3,PIPO,28.702
199.1,70.3,PIPO,47.498
41.3,70.4,PSME,11.43
66.2,70.4,PIEN,30.48
103.2,70.4,PIEN,14.224
62.5,70.5,PIEN,37.846
64.9,70.5,POTR,11.176
68.1,70.5,PIPO,2.286
78.3,70.5,POTR,13.716
89.9,70.5,PSME,6.858
143.7,70.5,PIEN,7.366
170.9,70.5,PIEN,10.922
161.4,70.6,PIEN,20.828
79.2,70.7,PIPO,25.146
131,70.7,POTR,8.128
191.9,70.8,POTR,11.43
99.6,70.9,PIEN,8.89
193,70.9,PSME,27.432
44.9,71,PIPO,31.242
93.5,71,PIPO,21.082
50.9,71.1,PIPO,41.656
146.5,71.1,PSME,11.43
123.1,71.2,PIFL2,16.256
26,71.3,PIEN,4.064
85,71.3,PSME,15.494
189.8,71.3,PIEN,7.62
196.6,71.4,PIEN,8.89
58.7,71.5,PIEN,31.242
135.8,71.5,PIEN,18.034
136.5,71.5,PIEN,26.162
186.8,71.5,PIEN,4.318
56.9,71.6,PIEN,15.494
100.6,71.6,PIEN,14.224
165.4,71.7,PSME,15.494
28.3,71.8,PIEN,4.318
69,71.8,PIEN,18.034
86.8,71.8,POTR,17.526
64.7,71.9,PIPO,12.954
76.2,72,PIEN,2.54
125.9,72,PIPU,10.922
188.3,72,PIPU,1.778
192.2,72,PIEN,11.938
129.4,72.1,PIEN,1.016
52.2,72.2,PSME,12.192
102,72.2,PSME,12.7
15.2,72.3,PIEN,7.366
62.1,72.3,PIEN,26.67
66.1,72.3,POTR,11.43
191.1,72.3,PIFL2,8.636
27.5,72.4,POTR,5.842
95.2,72.4,PIPU,26.416
172.3,72.4,PIEN,8.382
67.8,72.6,PIEN,14.478
195.6,72.6,PIPO,35.052
66.9,72.7,POTR,11.43
67.5,72.8,POTR,15.24
125.2,72.8,PIEN,12.446
172,72.8,PIEN,22.098
21.2,72.9,PIFL2,23.622
12.6,73,POTR,15.24
104.6,73,POTR,8.89
180.4,73,PIEN,28.448
62.6,73.1,PIEN,8.128
143.7,73.1,PIEN,11.43
84.7,73.2,PIPU,21.59
125.6,73.2,PIEN,12.192
128.3,73.3,PIEN,18.034
151.9,73.3,PIPU,14.986
157.2,73.3,POTR,27.94
124.9,73.4,PIPO,11.176
80.9,73.5,POTR,12.446
169,73.5,POTR,9.144
180.1,73.5,PIPU,6.096
39.2,73.6,PIEN,1.27
70.3,73.6,PIEN,1.27
144.7,73.6,POTR,21.59
172.6,73.6,PIEN,16.764
118.8,73.7,PIPU,16.764
50,73.8,PIPU,4.064
191.4,73.8,PIPO,1.524
78,73.9,PSME,49.53
126.7,73.9,PIPU,11.176
178.3,73.9,PIPO,5.842
62.9,74,PIEN,1.524
164.3,74,PIEN,7.112
166.4,74,PIFL2,1.27
170,74,PSME,67.31
80.4,74.1,PIPU,15.748
116.2,74.1,PIPO,15.748
8.2,74.2,PIPO,30.988
157.5,74.2,PSME,10.668
182.3,74.2,PIEN,13.462
22.4,74.3,POTR,14.986
64.5,74.3,PIPU,65.024
112.2,74.3,POTR,12.7
174.8,74.3,PSME,30.226
182.6,74.4,PIPO,10.414
54.8,74.5,PSME,32.258
58.9,74.5,PIPU,30.734
113.2,74.5,POTR,11.938
189.6,74.5,POTR,21.336
30.7,74.6,PIPO,43.688
79.6,74.6,PIEN,10.922
118.4,74.7,PSME,14.224
158.4,74.8,POTR,10.16
183.9,74.8,PIEN,5.334
197.8,74.8,PIEN,2.032
199.3,74.8,PIEN,49.276
199.4,74.8,PIEN,1.524
40.3,74.9,PIFL2,12.446
74.4,74.9,POTR,9.398
199.3,74.9,PIEN,2.286
113.9,75,PIEN,14.732
155,75.1,PIEN,14.732
53.2,75.2,PIEN,3.302
108.7,75.2,PIEN,32.004
135.2,75.2,POTR,5.588
165.5,75.3,PIFL2,21.336
37.8,75.4,PIEN,12.446
108.2,75.4,PIEN,1.778
75,75.5,PIPO,17.272
81.1,75.5,PSME,46.228
138.8,75.5,PSME,27.686
28.6,75.6,POTR,15.24
128.8,75.6,PIPO,12.446
166.5,75.6,POTR,10.922
48,75.7,POTR,21.59
77.1,75.7,POTR,8.128
83.5,75.7,PIPU,2.794
106.5,75.7,PIPO,59.182
123.3,75.7,POTR,29.972
83.2,75.8,PIEN,2.54
120.5,75.8,PSME,27.94
194.5,75.8,PSME,34.29
14.3,75.9,POTR,9.652
79.8,75.9,POTR,13.462
166.1,75.9,PIPO,17.78
183.9,75.9,PIEN,27.94
71.7,76,PIFL2,14.732
150.3,76,PIFL2,25.4
154.7,76,PIPO,27.432
34.8,76.1,POTR,11.938
57.6,76.1,PIEN,1.778
135,76.1,PIEN,5.334
65.1,76.2,PIEN,12.7
146.2,76.2,PIPO,4.064
160.1,76.2,PIEN,14.986
160.8,76.2,PIPU,4.572
163.8,76.2,POTR,18.542
59.9,76.3,PSME,30.48
80.1,76.3,PIPO,32.258
82,76.3,PIPO,28.194
142.3,76.3,PIEN,15.24
146.2,76.3,POTR,9.906
56.6,76.4,POTR,14.732
110.4,76.4,PIPO,2.794
193.1,76.5,POTR,10.922
62,76.6,PIEN,6.858
110.7,76.6,PSME,13.716
135.8,76.6,PIEN,18.288
23.4,76.7,PIEN,1.778
51,76.7,POTR,12.192
87.8,76.7,PIEN,45.212
155.5,76.7,POTR,12.954
161.6,76.8,PSME,14.732
179.3,76.8,PSME,29.464
32.9,76.9,PSME,8.636
105,76.9,PIEN,2.032
75.9,77,PIFL2,8.636
137.2,77,PIEN,19.558
188.1,77,PIPU,37.084
94,77.2,PSME,34.798
134.1,77.2,POTR,21.082
165.3,77.2,PIEN,3.81
192.3,77.2,POTR,14.224
193,77.2,PIEN,2.794
71.4,77.3,PIEN,21.59
197.5,77.3,PIEN,4.826
102,77.4,PSME,24.13
115,77.5,PIEN,34.29
153.5,77.5,PIPO,36.068
47.4,77.6,PIPO,19.304
133.8,77.6,PIPO,3.556
159.1,77.6,PIEN,29.21
188.6,77.6,PSME,24.892
0.6,77.7,PIPU,2.032
162.5,77.7,PSME,23.114
107,77.8,PIPU,21.59
119,77.8,PIPU,13.716
31.6,77.9,POTR,11.938
137.5,78,PIEN,7.366
20.5,78.1,POTR,9.652
57.1,78.1,PIEN,25.908
76.1,78.1,POTR,6.096
87.8,78.1,PIEN,38.354
127.1,78.1,PIPO,11.176
131.1,78.1,POTR,10.922
137.1,78.1,PIPO,9.652
73.3,78.2,PIEN,4.064
124.6,78.2,PIEN,4.572
174,78.2,PSME,45.466
92.5,78.3,PSME,22.352
146.6,78.3,PSME,17.526
168.9,78.4,PIEN,10.16
26,78.5,PIFL2,12.446
37,78.5,PIPO,39.37
90,78.5,PSME,20.574
123.9,78.5,PIEN,6.858
170,78.5,PIPO,4.572
184.1,78.5,PIEN,2.032
64.6,78.6,PIEN,11.684
185.2,78.6,PSME,5.842
197.8,78.6,POTR,20.32
55.4,78.7,PSME,5.334
177.7,78.7,PIPO,8.89
26.4,78.8,PIEN,12.954
62.9,78.8,PIEN,10.16
176.3,78.8,PSME,30.734
185.8,78.8,PSME,26.67
135.5,78.9,PIEN,10.16
141,78.9,PIPO,22.606
19,79,PIEN,21.082
31.7,79,PIEN,2.032
47.7,79.1,PIEN,14.732
53.1,79.2,PIEN,8.636
131.3,79.2,PIEN,1.524
178.2,79.2,POTR,13.97
152.3,79.3,POTR,10.414
189.8,79.3,PSME,51.562
8.4,79.4,PSME,23.114
12.8,79.4,PIEN,1.778
106.7,79.4,POTR,16.002
130.5,79.4,PIEN,18.796
25.4,79.5,PIEN,10.16
104.9,79.5,POTR,12.192
147.1,79.5,PIPU,20.32
67.8,79.6,PIEN,14.478
161.8,79.6,PIFL2,6.096
183.2,79.6,PIPO,40.132
14.4,79.7,PIEN,12.446
45.6,79.7,PIPU,10.668
138.8,79.7,PIPO,5.588
162.9,79.7,PSME,11.43
60.7,79.8,PSME,13.97
13.5,79.9,POTR,13.716
18.8,79.9,PIPU,3.302
111.3,79.9,PIEN,9.144
119.3,80,PIEN,11.43
136.7,80,PIEN,14.478
142.4,80,PSME,8.636
184.6,80,PIEN,1.778
137.4,80.1,PIEN,5.334
198.5,80.1,POTR,13.716
33.2,80.2,PIPO,27.178
58.6,80.2,PIFL2,5.334
58.7,80.2,PSME,20.828
126.3,80.2,PSME,27.432
147.8,80.2,PIEN,4.318
149.1,80.2,PIFL2,4.572
35.3,80.3,POTR,7.62
47.3,80.3,POTR,19.304
94.5,80.3,POTR,11.684
103.5,80.3,PIEN,13.208
113.2,80.4,PIPO,7.62
179,80.5,POTR,6.35
5.7,80.6,PIFL2,6.604
22.8,80.6,PIEN,5.334
48.4,80.6,PIPU,31.75
72.4,80.6,PIPO,12.954
116.1,80.6,POTR,10.922
145.7,80.6,POTR,14.224
6,80.7,PIEN,20.828
126.4,80.7,PIEN,26.162
18.3,80.8,POTR,16.51
197.4,80.9,PIEN,12.954
19.6,81,PIPO,7.874
100.4,81,PIEN,11.176
131.4,81,PIEN,15.748
50.5,81.1,POTR,34.29
149.6,81.1,PIEN,19.304
155.9,81.1,PIPO,34.29
160.4,81.1,PSME,8.382
24.1,81.2,PIPU,17.78
108.6,81.2,POTR,6.35
125.2,81.2,POTR,6.604
81.8,81.3,PIEN,20.32
106,81.3,PIEN,14.224
177.5,81.3,POTR,15.748
103.5,81.4,PIEN,7.62
112.4,81.4,PIEN,11.684
156.2,81.4,PSME,21.844
71.9,81.5,PIFL2,45.72
163.6,81.5,PIPO,41.656
198.5,81.5,PIEN,1.778
34.4,81.7,PIEN,4.572
60.7,81.7,POTR,13.97
152.9,81.7,PSME,10.668
169.7,81.8,PIPO,39.116
22.2,81.9,PIEN,5.08
140,82,PIPU,9.652
107.7,82.1,PIEN,23.622
120.9,82.1,PIPU,5.334
122.2,82.1,PIPO,19.558
150,82.1,PSME,21.844
182.2,82.1,PIEN,16.51
34.9,82.2,PIEN,20.828
40.3,82.2,PIEN,1.778
117.8,82.2,PIEN,12.446
147.6,82.2,POTR,26.162
124.2,82.3,POTR,8.636
183.9,82.3,PIPU,10.668
139.1,82.4,PSME,16.51
66.9,82.5,PIEN,2.54
80.7,82.5,PIEN,11.684
27.9,82.6,PIPO,19.05
135.4,82.6,PIPO,12.954
155.7,82.6,PIPO,2.286
134,82.7,PIPU,16.764
145.5,82.7,POTR,10.414
33.9,82.8,PIEN,26.416
63.9,82.8,POTR,14.224
198.2,82.8,PIEN,2.032
56,82.9,PIEN,12.192
93.2,82.9,PSME,6.35
180.8,82.9,POTR,18.034
63.5,83,POTR,10.668
92.2,83,PSME,26.162
146.3,83,PIPU,10.414
172.1,83,POTR,13.716
24.2,83.1,PIEN,7.112
153.5,83.2,PIEN,10.16
45.7,83.3,PSME,37.338
79.8,83.3,PIPO,39.878
80.4,83.4,PIEN,21.336
129.9,83.4,PIFL2,3.302
95.9,83.5,PIEN,16.256
139.6,83.5,PIEN,10.668
179.4,83.5,PIEN,16.764
63.9,83.6,PSME,24.384
72.7,83.6,PIFL2,3.81
73.9,83.6,PSME,3.556
168.3,83.6,PIEN,10.16
169.8,83.6,PIEN,8.89
189.1,83.6,PSME,28.956
115.7,83.7,PIEN,3.81
119.2,83.7,PIEN,20.574
132.1,83.7,PIPU,4.826
149.3,83.7,PIPU,32.512
19.9,83.8,PIPO,28.194
33,83.8,POTR,13.97
129.3,83.8,PIFL2,3.81
181.6,83.8,POTR,21.59
74.1,83.9,POTR,9.144
130,84,PIEN,7.62
136.2,84.1,POTR,9.144
165.2,84.2,POTR,9.398
169.6,84.2,PIPO,1.778
82.9,84.3,POTR,8.89
106.4,84.3,PIEN,7.874
109.6,84.3,POTR,13.716
141.1,84.3,PIPO,47.244
71.2,84.4,POTR,9.906
37.7,84.5,PIEN,12.7
40.2,84.5,PSME,14.986
62.7,84.5,PIEN,5.588
124.9,84.5,PIEN,8.382
129.2,84.5,PIEN,29.972
135.1,84.5,PIEN,10.668
28.2,84.6,POTR,11.176
72.4,84.6,PIEN,13.208
124.6,84.6,PIEN,11.938
165.6,84.6,PIPU,3.81
82.2,84.7,PIEN,29.464
105.1,84.7,PIEN,11.684
35.8,84.8,PIEN,3.302
101.7,84.8,PSME,11.43
107.8,84.8,PIEN,10.668
124,84.8,POTR,8.636
191.4,84.9,PIPO,44.196
199.2,85,PSME,34.29
72.5,85.2,PIEN,1.524
101.1,85.2,PIPO,25.146
132.7,85.2,PIEN,2.794
46.6,85.3,PIEN,4.318
84,85.4,PSME,14.224
106.4,85.5,PSME,29.464
108.3,85.5,PIFL2,22.606
194.6,85.5,PSME,32.512
68.9,85.6,PIEN,16.764
142,85.6,PIEN,8.636
149.9,85.6,PIEN,6.604
178.9,85.6,PIPO,38.608
152.8,85.7,PIPO,25.146
37,85.8,PIEN,4.064
113.3,85.8,PIPU,21.59
138.8,85.8,POTR,19.304
28.4,86,PIEN,19.812
61,86.1,PIEN,16.51
143.9,86.1,PSME,40.64
155.4,86.1,PIPU,16.51
54.2,86.2,PIPU,3.556
149.5,86.3,PIPU,11.43
39.5,86.4,PIPO,23.114
94.3,86.4,PIPU,17.78
119.6,86.8,PIEN,8.636
138.7,86.8,POTR,20.32
146.5,86.8,PIEN,24.892
155.1,86.8,PIEN,6.096
196.1,86.8,POTR,10.668
9,86.9,PIEN,1.27
73.3,86.9,PIPU,17.78
134.6,86.9,PSME,44.704
173.3,86.9,PSME,25.654
59.5,87,PIEN,1.27
83.6,87,PIPU,17.272
100.1,87,POTR,12.192
129.9,87,POTR,25.146
121.7,87.2,POTR,15.748
179,87.2,PIEN,6.604
65.1,87.3,POTR,21.336
78.2,87.3,PSME,1.524
120.8,87.3,PSME,1.016
120.5,87.4,POTR,10.16
155,87.4,PIEN,19.05
185.4,87.4,PIEN,7.874
51.7,87.6,PIEN,17.272
91.1,87.6,POTR,27.94
19.5,87.7,PIEN,12.7
27,87.8,PIEN,3.302
47.9,87.8,PIEN,32.004
195.4,87.8,PIEN,16.002
21.2,88,POTR,8.89
81.5,88,PIPO,42.418
126,88,PIEN,4.826
134.9,88.1,POTR,12.954
70.4,88.2,PIPO,5.08
119.7,88.3,PSME,25.908
120.7,88.3,PIEN,18.542
179.2,88.3,PSME,40.132
21.6,88.4,PIEN,12.192
84.6,88.4,PSME,31.75
153.6,88.4,PSME,36.068
23,88.5,PIEN,9.144
73.4,88.5,PIEN,1.778
111.5,88.6,PIPO,15.494
178.4,88.6,PIPU,14.986
32.9,88.7,PIEN,13.97
137.8,88.7,PSME,54.356
18.8,88.8,PSME,2.286
24.2,88.8,PIPO,34.036
91.2,88.8,PIPU,27.686
170.5,88.8,PIPU,5.334
1.7,88.9,PIEN,16.764
136.4,88.9,PIPU,22.86
34,89,PIEN,2.032
34.4,89,PSME,7.62
103.7,89,PIEN,12.7
156.8,89,PIEN,11.43
144.8,89.1,PIPO,25.654
57.4,89.2,PSME,31.75
43,89.3,PSME,29.718
96.7,89.3,PIPO,5.334
123.3,89.3,PIPO,15.748
198.8,89.3,PIPO,39.116
198.1,89.4,POTR,13.97
61.9,89.5,PIPU,39.624
192,89.5,PIFL2,7.112
92.7,89.7,PIPU,34.036
94.6,89.7,PSME,14.224
109.3,89.7,POTR,16.51
142.2,89.7,PIPU,3.556
143.9,89.7,PIPO,25.146
99.1,89.8,POTR,21.082
58.8,89.9,PSME,2.032
89.5,89.9,PSME,19.812
4.9,90,POTR,12.446
34.2,90,PSME,4.064
185.1,90,PIEN,1.524
5.7,90.2,PIFL2,13.462
123.7,90.2,POTR,17.272
130.3,90.2,PIPU,7.112
44.8,90.3,PIFL2,19.05
90,90.3,PIPO,35.306
128.4,90.3,PIPU,13.716
192.4,90.3,PIPO,30.734
150.5,90.4,POTR,10.414
61,90.5,PIPU,19.558
103.1,90.5,PIEN,4.064
148.7,90.5,PIEN,10.668
22.9,90.6,PIPO,8.128
15.7,90.7,PIEN,1.524
84,90.7,POTR,5.842
168.1,90.7,POTR,15.24
198,90.7,PSME,17.272
59.2,90.8,POTR,13.208
119.7,90.8,POTR,23.876
152.4,90.8,POTR,13.97
138.7,90.9,PIEN,3.302
197.1,90.9,POTR,10.16
19.6,91,PSME,33.782
21,91,PIPU,19.812
52,91,PIFL2,4.318
61.8,91,PIEN,17.272
112.6,91,PIEN,1.016
151.6,91,PIEN,12.954
187.3,91,PIPO,6.858
77.4,91.1,PIEN,3.302
121.5,91.1,PIEN,2.794
195,91.1,PIPU,10.16
27,91.2,PIEN,4.826
36.5,91.2,PIPO,34.29
31.8,91.4,PIEN,2.032
33,91.4,PIEN,12.446
55.7,91.4,PIPO,30.988
69.6,91.4,PIPO,18.034
73.3,91.4,POTR,11.176
89.7,91.4,PIPO,33.782
108.9,91.4,PSME,29.972
127.5,91.4,PIPU,14.478
142.8,91.4,POTR,12.954
148.4,91.4,PIEN,3.048
8.6,91.5,PSME,36.576
19.5,91.6,PIPU,11.176
56.3,91.6,PIEN,17.018
64.8,91.6,PIEN,5.842
111.4,91.7,PSME,16.002
132.8,91.7,PIEN,1.016
158.6,91.7,PIEN,7.366
62.9,91.8,POTR,12.7
89.7,91.8,PIPU,10.922
90.3,91.8,PIEN,2.286
147.3,91.8,PSME,29.972
195.6,91.8,POTR,13.462
112.5,91.9,PIPO,32.766
121.3,91.9,PIEN,8.382
184.5,91.9,POTR,10.922
123.7,92,PIEN,7.874
33.8,92.1,PIEN,2.032
96,92.1,PSME,1.524
8.1,92.2,PIPO,56.134
150.3,92.3,PIEN,24.892
18.8,92.4,POTR,25.908
23.3,92.4,PIEN,30.734
72.3,92.4,PIEN,23.368
92.2,92.4,PIEN,5.588
102.1,92.5,PIPO,35.56
45.1,92.6,PIPO,26.67
71.5,92.7,PIFL2,11.176
106.2,92.7,PIEN,13.462
125.7,92.7,PIEN,3.048
104.6,92.8,PIEN,10.922
106.6,92.8,POTR,12.192
130.4,92.9,POTR,22.352
173.3,92.9,PIEN,13.208
53.4,93,PIPO,9.652
71,93,PSME,19.05
71.9,93,PIEN,17.018
133,93,PIFL2,8.128
107,93.1,POTR,12.7
38.1,93.2,PIPU,6.858
42.8,93.3,PIEN,6.35
129.5,93.3,POTR,16.51
151.4,93.3,PIEN,4.826
199.2,93.3,POTR,23.368
152.3,93.4,PIEN,16.256
167,93.4,PIPU,3.302
22.5,93.5,POTR,18.034
63.3,93.5,PSME,23.368
96.8,93.5,PIEN,24.892
123.5,93.5,PSME,23.368
48.8,93.6,PIEN,8.128
140.8,93.6,PIFL2,2.032
159.5,93.6,PIPU,14.224
168.5,93.6,PIEN,7.366
154.8,93.7,POTR,9.398
67.7,93.8,POTR,14.732
94.5,93.8,PSME,48.26
124.5,93.8,PSME,17.78
11.2,93.9,POTR,19.05
123.9,93.9,POTR,10.922
160.5,93.9,POTR,18.288
17.2,94,POTR,18.796
179.3,94,PIEN,2.032
2.6,94.1,POTR,12.7
156.7,94.1,PIPU,17.78
16.4,94.2,PIEN,11.176
161.1,94.2,POTR,5.588
182,94.2,PIFL2,1.27
125.1,94.3,PIPO,51.308
126.8,94.5,PIEN,11.176
142.2,94.5,PIEN,12.954
166.3,94.6,POTR,12.446
67.7,94.7,POTR,17.272
134.6,94.7,PIPO,9.144
25.2,94.8,PSME,26.416
145.4,94.8,PIEN,10.922
160.4,94.8,PIEN,7.112
24.9,94.9,PIEN,14.732
72.8,94.9,PIEN,12.446
56.9,95.1,POTR,15.748
170.1,95.1,POTR,15.24
9.8,95.2,PSME,31.75
127.8,95.2,PSME,13.97
123.1,95.3,POTR,11.43
170.1,95.3,PIEN,1.524
64.1,95.4,PIPO,17.018
141.9,95.4,PIEN,16.002
197.6,95.4,POTR,8.382
8.6,95.5,PIPO,11.176
55.7,95.5,POTR,13.716
39.4,95.6,PIEN,2.54
173.7,95.6,POTR,9.398
19.3,95.7,PSME,19.05
38.8,95.7,PIEN,4.826
199.8,95.7,PIEN,12.954
135.2,95.8,PIEN,5.842
153.4,95.8,PIEN,11.684
123,95.9,PIEN,21.336
130.9,96,PIEN,11.43
183.8,96,PIEN,2.54
1.4,96.1,POTR,7.874
125.4,96.2,PIEN,17.018
175.7,96.2,PIPU,23.622
189.5,96.2,PIEN,13.716
91.9,96.3,PIEN,23.622
62.5,96.4,POTR,7.366
72.3,96.4,PIEN,6.096
193.1,96.4,PSME,41.402
23.8,96.5,PIEN,41.656
161.7,96.5,PIPO,3.048
138.7,96.7,PIPO,31.242
169.5,96.7,PIPO,25.654
31.9,96.8,POTR,12.446
166.7,96.8,PSME,38.862
68.7,96.9,POTR,11.176
161.5,96.9,POTR,12.954
73.1,97,PSME,2.286
84.9,97,PIFL2,13.462
107,97,PIEN,8.636
73.5,97.1,PIEN,2.032
182.9,97.1,POTR,11.684
30.1,97.2,PIFL2,10.922
41.4,97.2,PIEN,26.162
116.4,97.2,POTR,16.764
164.3,97.2,PIEN,1.016
175.5,97.2,PIPO,13.462
10.5,97.3,POTR,10.668
24.4,97.3,PIEN,11.176
151.8,97.3,PIEN,24.384
158,97.3,POTR,24.384
195.9,97.3,PIEN,5.08
56.2,97.5,PSME,34.036
111.6,97.5,PIEN,7.366
56.7,97.6,POTR,11.938
68.8,97.6,PIEN,14.224
102.7,97.7,PIPU,14.732
127.3,97.8,PSME,6.096
161.4,97.8,POTR,8.128
14.5,97.9,POTR,11.43
24.2,97.9,PIEN,1.778
68.6,97.9,POTR,5.842
74.1,97.9,PIEN,9.144
106.7,97.9,PIEN,1.778
164.5,97.9,PIEN,5.08
171.7,97.9,PIEN,7.366
93.6,98,POTR,12.192
140.2,98,PIPO,2.286
100.5,98.1,PIEN,21.844
129.6,98.1,POTR,12.7
171.5,98.1,POTR,13.97
34.2,98.2,POTR,10.922
53.3,98.3,PIEN,12.7
91.6,98.3,PIEN,25.146
61.7,98.4,PIEN,18.288
83.1,98.4,PSME,30.226
13.5,98.5,PIPO,16.764
144.2,98.5,PIFL2,4.572
178.3,98.5,PIPO,2.54
33.9,98.6,PSME,16.51
76,98.6,PIEN,16.51
62.9,98.8,PIFL2,8.636
188.4,98.8,PIEN,12.192
131.6,98.9,PIEN,17.526
61.3,99,PIPO,43.18
194.5,99,PIEN,1.016
94.3,99.1,PIEN,4.572
140.4,99.1,PIFL2,5.08
157.1,99.1,POTR,19.05
26.5,99.2,PSME,39.37
109.5,99.2,PIFL2,7.366
127.7,99.2,PIPO,48.006
160.6,99.2,PIPO,52.578
109.6,99.3,PIEN,8.89
148.7,99.3,PIPO,25.908
162.2,99.3,PIPO,3.81
66.4,99.4,PSME,32.766
87.2,99.5,PIEN,13.208
5.4,99.6,PIEN,2.794
81,99.6,PIEN,2.032
109.7,99.6,PIEN,14.224
14.1,99.7,PIPU,30.226
158.7,99.7,PIEN,2.54
170.6,99.7,PIEN,17.272
186.9,99.7,PIEN,3.302
118.7,99.8,PIEN,38.1
168.2,99.8,POTR,13.97
45.1,99.9,PIEN,5.334
95.7,99.9,PIEN,29.972
102.2,99.9,PIPO,15.748
29.3,100,PSME,33.274
32.6,100,PIFL2,12.954
149,100,PIPO,6.35
170.3,100,PIEN,17.272
171.8,100.1,PIEN,6.096
77.8,100.2,PIEN,5.842
107.1,100.2,PIEN,10.16
155.1,100.2,POTR,10.922
167.8,100.2,POTR,10.16
127.7,100.3,PIEN,10.16
145.4,100.3,PIPO,42.164
164.1,100.3,PIEN,1.778
165.5,100.5,PSME,21.082
189.5,100.5,POTR,20.574
60,100.6,PIPO,10.414
99.8,100.6,PSME,10.16
115,100.6,PIPO,31.242
160.9,100.6,POTR,11.938
191.7,100.6,PIEN,6.35
80.2,100.7,POTR,6.604
118.4,100.7,POTR,10.16
124.5,100.7,PIPU,10.668
152.2,100.7,PSME,9.906
85.3,100.8,PIEN,9.652
16.4,100.9,PIEN,17.526
32.1,100.9,PSME,44.704
38.8,100.9,PIEN,28.702
63.3,100.9,POTR,7.62
109.8,100.9,PIPO,23.876
33.7,101,PSME,36.068
160.8,101,POTR,10.16
118.8,101.1,POTR,17.526
124.5,101.1,PIEN,13.716
137.1,101.1,PIPO,2.032
162.7,101.1,PSME,35.306
44.2,101.2,PIPU,5.588
56.1,101.2,PIPO,22.606
109.7,101.2,PIEN,9.906
159.4,101.2,PIPU,2.032
181.9,101.2,PSME,14.986
182.8,101.2,PIPU,4.318
45.4,101.3,PIPU,6.096
64.3,101.3,PIEN,12.192
74.6,101.3,PIEN,28.956
106.6,101.3,PIPU,4.572
157.1,101.3,PIEN,25.908
179.1,101.4,PIPU,10.16
15.9,101.5,PIEN,3.556
33.8,101.6,PIEN,5.588
65.2,101.6,PIPU,23.114
70.2,101.6,PIEN,14.224
128.1,101.6,PIEN,3.302
26.2,101.7,PSME,17.272
66.5,101.7,PIEN,1.016
80,101.7,PIPU,5.588
128,101.7,PIPO,48.26
155.1,101.7,POTR,23.368
44.8,101.8,POTR,7.62
63.2,101.8,PIEN,7.874
15.4,101.9,PSME,10.16
28.2,101.9,PIEN,19.812
199.7,101.9,PIEN,21.844
27.1,102,PIEN,1.27
36.2,102,PIEN,15.24
122.8,102,PIEN,13.208
149.3,102,PIEN,1.524
163.4,102,PSME,29.21
170.3,102,PIEN,3.302
174.6,102.1,PSME,4.318
194.6,102.1,PIPO,4.064
14.3,102.2,PIPU,12.7
19.6,102.2,POTR,20.828
21.6,102.2,POTR,18.796
51.8,102.2,PIPO,32.004
87.4,102.2,PIEN,14.986
186.5,102.2,PSME,28.702
91,102.3,PIPU,26.416
151.1,102.3,PIPO,30.226
185.9,102.3,POTR,10.414
26.2,102.4,POTR,14.732
114.2,102.4,PIEN,3.048
23.1,102.5,PIEN,21.59
85.8,102.5,PIEN,17.526
39.7,102.6,PSME,11.43
69.4,102.6,PSME,29.972
81.1,102.7,PIEN,39.37
29.5,102.8,PSME,20.32
134.5,102.8,POTR,8.636
148.5,102.8,PIPU,22.352
179.8,102.8,PSME,38.354
25.9,102.9,PIEN,33.02
34,103,PIEN,1.778
68.6,103,PIPU,17.272
76.3,103,POTR,17.78
83,103.1,PIEN,14.224
49.9,103.2,PIEN,25.4
144.1,103.2,PIEN,24.13
156.7,103.2,PIFL2,14.224
10.9,103.4,PSME,10.16
33.9,103.4,PIEN,4.572
22.4,103.5,PIEN,23.876
112.8,103.6,POTR,7.366
169.4,103.6,PIEN,14.732
18.5,103.7,PIEN,19.05
45.2,103.7,PIEN,11.684
63.4,103.7,POTR,14.986
88.7,103.7,PIEN,14.478
132,103.7,PIPU,12.954
124.9,103.8,PIPO,31.242
125,103.8,POTR,17.526
183.7,103.8,PIFL2,11.43
64.3,103.9,PIPO,2.032
8,104,PIEN,8.89
125.3,104,PIEN,3.81
162.2,104,PIPU,24.638
11.7,104.1,PIEN,3.81
190.1,104.1,PIFL2,13.208
79.9,104.2,PIEN,12.192
138.5,104.2,PIPO,2.794
103.8,104.4,PIEN,17.526
108.7,104.4,PIPO,21.59
110,104.4,PIEN,13.97
167,104.4,PIFL2,17.526
173.2,104.4,PIPU,38.862
199.6,104.4,POTR,14.478
27.1,104.5,PIEN,10.922
15.9,104.6,PIEN,27.178
159.4,104.6,PIPO,1.27
167.7,104.6,PSME,3.556
18.7,104.7,PIPO,31.75
40.2,104.7,PIPU,3.302
71.6,104.7,PIEN,16.764
177.8,104.7,PSME,37.338
24,104.8,POTR,12.192
49.8,104.8,PIEN,12.446
182.4,104.8,PIEN,4.826
90.7,104.9,PIEN,20.066
105.2,104.9,PIPO,41.148
118.4,104.9,PIEN,4.064
137.1,104.9,PIEN,26.162
139.7,104.9,POTR,14.224
147.7,105,PIEN,1.016
171.9,105,POTR,31.242
13.9,105.1,POTR,22.606
104.6,105.1,POTR,11.43
160,105.1,PIEN,11.684
179.6,105.1,PIFL2,26.162
94.3,105.2,PSME,10.16
189.8,105.2,PIEN,8.128
41.1,105.3,PIPU,11.43
41.6,105.3,PSME,14.478
45.7,105.3,POTR,16.256
105.4,105.3,POTR,18.034
140.8,105.3,PIEN,14.224
157.3,105.3,PSME,35.306
63.4,105.4,PIEN,3.302
150.3,105.4,PSME,24.892
71.7,105.5,PIEN,2.54
74,105.5,PIPU,4.064
132.3,105.5,PIEN,19.558
193.2,105.5,PIEN,6.096
44.1,105.6,PIPU,7.366
68.1,105.6,PIPO,29.972
94.4,105.6,PIEN,18.542
104.6,105.6,PIEN,37.592
46.4,105.7,PIEN,22.098
75,105.7,PSME,15.748
102,105.7,PSME,21.082
131.7,105.7,PIEN,30.48
159.9,105.8,PIPU,9.398
46.6,105.9,POTR,14.732
53.7,105.9,POTR,17.018
33.9,106,PIEN,1.016
62.3,106,POTR,6.604
74.2,106,PIEN,39.878
27.6,106.1,POTR,22.352
95,106.1,PIEN,2.032
169.7,106.1,PSME,18.796
18.7,106.2,PIEN,13.208
150.7,106.2,POTR,15.748
159.8,106.2,PIEN,9.398
45.3,106.3,PIEN,16.002
59.9,106.3,PIEN,16.256
40.6,106.4,PIEN,8.89
131.1,106.4,PIPU,16.51
132.6,106.5,PIEN,14.478
140.9,106.5,PIPO,22.86
31.8,106.6,PIEN,13.208
181.9,106.6,POTR,14.224
142,106.7,PSME,18.034
41.6,106.8,PIPO,1.27
121.2,106.9,PIEN,15.494
26,107,PIEN,4.064
72.4,107,PSME,35.56
85.4,107,PIPU,42.164
145.5,107,PIEN,24.638
155.4,107,PIEN,2.794
196.7,107,PIPO,23.368
121.3,107.1,PIPU,24.892
152.8,107.1,POTR,20.32
189.3,107.1,PSME,34.544
49.5,107.2,POTR,8.128
67.4,107.2,PIEN,2.286
42.1,107.3,PSME,20.574
98.6,107.3,PIPO,23.114
129.7,107.3,POTR,11.43
141.3,107.3,PIEN,22.098
76.4,107.4,PIPU,2.286
136.8,107.4,PIEN,14.224
146.6,107.4,PIEN,21.082
45.5,107.5,PSME,19.304
57.1,107.5,POTR,32.004
75.3,107.5,PIPU,12.446
105.1,107.6,PIEN,11.43
108.3,107.6,PIEN,14.986
197.2,107.6,PIPO,29.21
90.4,107.7,POTR,12.446
186.3,107.7,PIPO,10.668
191.5,107.7,PIPU,22.86
66.6,107.8,PIEN,14.732
136.7,107.8,PSME,22.606
158.3,107.8,PIEN,36.576
168.1,107.8,PIEN,11.43
66.6,108.2,PSME,10.922
69.5,108.3,PIEN,3.81
38.8,108.4,PIEN,4.572
149.1,108.4,PIEN,14.986
191.6,108.4,PIFL2,1.27
196.3,108.4,PIPO,25.4
197.8,108.4,POTR,23.876
79,108.5,PIEN,9.652
96.3,108.6,PIPU,2.032
90.9,108.7,PIEN,14.732
108.6,108.7,PIEN,18.288
132.7,108.7,PIEN,3.81
182.2,108.7,PIPU,8.89
53.4,108.8,PSME,35.56
69.7,108.8,PIPU,18.288
79.5,108.8,PIPU,3.81
148.7,108.8,PIPO,2.794
88.3,109,PIPU,1.016
53.2,109.1,PIEN,5.08
67,109.1,PSME,13.462
83.8,109.1,POTR,11.684
23.1,109.2,PIPO,19.05
62.3,109.2,PSME,6.858
32.5,109.5,PSME,39.624
41.7,109.5,PIEN,28.956
55.9,109.5,PIPO,36.576
70,109.5,PIEN,1.778
75,109.5,POTR,9.144
145.2,109.5,PIPO,33.782
73.8,109.6,PIEN,5.334
162.8,109.6,POTR,11.176
42,109.7,PIEN,2.794
110.7,109.7,PIPU,18.796
81,109.8,PIPO,8.128
142.9,109.8,PIEN,18.542
163.5,109.8,PIEN,4.064
168.6,109.8,PIPU,4.318
34.1,109.9,PSME,21.336
55.1,110,PIEN,3.556
125.8,110,PSME,11.938
190.6,110,POTR,28.702
76.2,110.1,PIPO,52.07
158.2,110.1,PIPO,21.082
198.2,110.1,POTR,10.668
66.5,110.2,PIEN,4.826
153,110.2,POTR,11.176
56,110.4,PIPO,28.702
91.8,110.5,PIPU,8.636
184.5,110.5,PIEN,27.686
12.4,110.7,PIEN,2.54
123.3,110.7,PIPO,19.812
138,110.7,PSME,3.302
144.3,110.7,PIEN,12.954
55.2,110.8,PSME,9.906
99.8,110.8,POTR,12.7
26.3,110.9,PSME,17.018
189,110.9,PIPO,17.78
108.5,111,PIEN,6.096
148.2,111,PIEN,2.286
162.6,111,PIPO,40.386
166.4,111,PIEN,6.858
90.6,111.1,PIEN,26.67
134,111.1,PIPU,15.24
138.2,111.2,PIEN,4.572
143.9,111.2,PIEN,5.334
64.5,111.3,PIPU,7.112
190.7,111.3,PSME,37.592
37,111.4,PIPU,37.846
110.1,111.4,PIEN,1.524
191.4,111.4,PSME,20.32
99.6,111.5,PSME,35.814
125.6,111.5,PIPU,10.668
160.2,111.5,POTR,11.176
109.7,111.6,POTR,13.462
159.8,111.6,PIEN,1.778
188.2,111.6,PIEN,2.54
106,111.7,PIPU,9.906
156.7,111.7,PIPU,6.35
184.4,111.7,PIPO,21.082
42.4,111.8,POTR,20.828
8.4,111.9,PIPO,22.606
140.6,111.9,PSME,41.148
161.9,111.9,PIEN,5.842
61.8,112,PSME,3.048
94.1,112,PIPU,2.286
125.8,112,POTR,8.382
135.4,112,PIEN,26.162
165,112.1,PIEN,16.002
60.6,112.3,PIEN,12.446
124.8,112.3,PIEN,2.286
81.3,112.4,PIEN,24.892
82.8,112.4,PSME,58.42
121.6,112.5,POTR,9.398
86.4,112.6,POTR,8.89
117.8,112.7,PIEN,1.524
125.6,112.7,PIPU,3.81
82.8,112.8,PIEN,13.716
176.4,112.8,PIPU,6.096
50.7,112.9,PIEN,10.922
26.5,113.1,POTR,8.636
54,113.1,PIPU,6.604
176.1,113.1,PIPU,11.176
108.9,113.2,POTR,6.35
192.9,113.2,PIEN,7.112
141.4,113.3,PIEN,19.812
44.8,113.4,PIEN,4.318
77.9,113.4,PIFL2,16.764
162.6,113.4,PSME,38.1
113.7,113.5,PIEN,23.622
82.7,113.6,PIEN,2.032
120.4,113.8,POTR,20.574
42.1,113.9,PIEN,5.08
180.7,113.9,PIFL2,21.336
166.4,114,PIPU,8.382
60.5,114.1,PIEN,14.986
113.3,114.2,PIEN,12.192
173.1,114.3,PSME,11.684
186.3,114.3,PIEN,9.144
142.6,114.4,POTR,16.764
12.5,114.5,PIEN,1.524
55.2,114.5,PIEN,6.35
168.1,114.5,POTR,12.192
20.2,114.6,PIEN,10.668
111.4,114.6,POTR,13.208
147.4,114.6,PIEN,5.334
187.9,114.6,PIEN,9.906
188.7,114.6,PIPU,1.016
146.5,114.7,PIEN,1.778
85.8,114.8,PIEN,4.826
105.5,114.8,PIPO,2.54
88.8,114.9,PIEN,1.524
146.2,114.9,PIEN,7.62
185.3,114.9,PIEN,1.27
40.1,115,PSME,10.922
81.1,115,PIPO,13.462
76.1,115.1,PIEN,19.812
32.2,115.2,PIPO,40.64
38.1,115.2,POTR,16.002
42.4,115.2,PIPO,17.78
92.8,115.2,PIEN,12.954
134.1,115.2,PIEN,30.48
170.5,115.2,PIEN,1.778
46.7,115.3,PSME,36.068
112.8,115.3,PIEN,19.304
180.7,115.3,PIFL2,4.064
198.2,115.3,PIPU,36.576
67.2,115.4,PSME,27.178
122.8,115.4,PIPO,34.036
150.4,115.4,PSME,22.606
190.5,115.4,PIEN,17.526
14.7,115.5,PIFL2,8.128
40.4,115.5,PIPU,2.54
96.2,115.5,PIPU,18.034
31.5,115.6,PIEN,16.51
105.1,115.6,PIEN,19.558
34.2,115.8,PIPU,28.448
42.9,115.8,PIPO,17.272
62.1,115.8,PIPU,1.016
114.3,115.8,PIPO,32.512
30.2,115.9,PIEN,1.27
82.4,115.9,PSME,31.75
58.1,116,PSME,14.224
109.6,116,POTR,13.97
165.9,116.1,PIEN,10.922
168.1,116.1,PIEN,12.446
49.2,116.2,PIEN,7.874
179.7,116.2,PIPU,33.528
41.7,116.3,POTR,14.732
115.7,116.3,PIEN,8.128
113.9,116.4,PIPO,9.398
83.8,116.8,PIEN,4.826
105.2,116.8,PIPU,49.784
20,116.9,PIEN,16.764
20.6,116.9,PIEN,4.572
46.6,116.9,PIEN,4.826
69.1,116.9,PIEN,4.826
149.1,116.9,PSME,12.954
149.2,116.9,PIPO,6.858
26.9,117,PIEN,28.448
66,117,POTR,13.97
176.6,117,PIEN,12.7
188.1,117,PIEN,8.636
22.8,117.1,POTR,20.828
124.9,117.1,PIEN,8.636
65.1,117.3,PIEN,16.764
139.8,117.3,PIPU,15.748
19.2,117.4,PSME,11.684
176.5,117.4,PIFL2,33.528
101.4,117.5,POTR,10.16
159.2,117.6,PIEN,1.016
192.3,117.6,POTR,15.748
133.6,117.8,PIPO,17.018
30,117.9,PSME,11.176
70,117.9,PIEN,26.416
150.1,117.9,POTR,14.478
95.7,118,POTR,15.24
113.8,118,PIEN,26.67
162.5,118,PSME,17.018
72.2,118.1,PIEN,8.89
102.3,118.2,POTR,11.176
168.4,118.2,POTR,13.462
166.8,118.3,PIEN,15.494
32.3,118.4,PIEN,12.954
137.1,118.4,PIPU,13.462
177.4,118.4,PSME,35.052
179.5,118.5,PSME,12.954
60.1,118.6,PSME,1.27
81.1,118.6,PIPO,12.7
107.4,118.6,PIEN,21.844
109.7,118.6,PIFL2,14.478
110.2,118.6,PIEN,3.81
169.6,118.6,PIPO,56.134
96.4,118.7,POTR,21.844
98.5,118.7,PIEN,6.096
183.9,118.7,PIEN,15.748
141.6,118.9,POTR,10.16
60.6,119,PSME,53.848
104.8,119.2,PIEN,10.922
125.4,119.2,PIEN,4.826
159.8,119.2,PIEN,11.43
159.8,119.2,PIPU,14.478
40.9,119.3,PSME,33.02
86.8,119.3,PIEN,19.812
119.7,119.3,PSME,35.814
75.5,119.4,PIEN,10.414
112,119.4,PSME,37.084
164.8,119.4,PIEN,17.272
1.8,119.5,PIEN,6.858
101.9,119.5,PIEN,1.016
154.5,119.5,POTR,25.654
13.1,119.6,PIPO,24.892
88.6,119.7,POTR,13.208
164.1,119.7,PIEN,1.778
155.6,119.8,PIEN,1.016
78.8,119.9,PIPO,17.78
94.3,119.9,PIEN,17.272
27.9,120,PIPO,63.754
123.5,120,POTR,15.748
42.2,120.1,PIPO,17.018
58.3,120.1,PIEN,26.924
110.9,120.1,PSME,13.208
151.6,120.1,POTR,15.24
87.4,120.3,PIPU,9.906
157.4,120.3,PSME,4.826
73.7,120.4,PSME,37.846
128.4,120.4,PIPO,33.02
137.3,120.5,PSME,42.418
172.6,120.5,PIEN,18.542
28.7,120.6,POTR,19.812
85.9,120.6,PIEN,10.414
125.1,120.6,PIEN,22.86
189.9,120.6,PIPU,17.78
40.4,120.7,POTR,12.7
51.7,120.7,POTR,10.922
56.6,120.7,PIPU,10.16
140.8,120.7,PIPO,36.83
146.9,120.7,POTR,8.89
148.4,120.7,PIPU,7.62
101.2,120.8,PIFL2,5.334
39.4,120.9,PIEN,5.588
141.6,120.9,PIEN,7.112
176.6,120.9,PIPO,19.558
5.3,121.1,PIEN,19.304
42.7,121.1,PIEN,3.302
75.3,121.1,PIPO,33.528
176.6,121.2,PIEN,31.496
186.1,121.2,PIEN,5.842
73,121.4,PIPO,34.29
187.5,121.4,PIEN,4.064
61.6,121.5,POTR,10.668
137.5,121.5,PSME,4.064
10.3,121.6,PIPO,23.368
42.7,121.6,PIPU,5.334
64.1,121.6,PIEN,14.732
86.2,121.6,PSME,37.846
88.6,121.6,PIPU,20.32
105.1,121.6,PIEN,21.082
118.5,121.6,PIPO,5.842
144.4,121.6,POTR,11.176
156.3,121.6,POTR,7.112
60.4,121.7,PSME,41.148
72.5,121.7,PSME,34.544
72.7,121.7,PIEN,4.572
123.1,121.7,PSME,10.922
13.6,121.9,PIFL2,10.414
106.9,121.9,PIPO,23.114
144.9,121.9,PIEN,3.302
184.8,121.9,PIPO,47.752
22.2,122,PIFL2,22.606
185.3,122,PIPO,23.622
3,122.1,PIEN,3.302
34.6,122.1,PIEN,20.574
114.1,122.1,PIEN,8.636
4.2,122.2,POTR,15.748
28.2,122.2,PIPU,33.02
58.2,122.2,PIEN,20.574
91.5,122.2,PIEN,11.176
31.3,122.3,POTR,15.748
94.1,122.4,PSME,25.654
140.5,122.4,PIPU,13.462
179.8,122.4,POTR,8.128
58,122.5,PIEN,23.876
195.1,122.5,PIPO,46.736
64.4,122.6,POTR,9.652
134.1,122.6,PIEN,24.638
46.8,123,POTR,7.62
103.3,123,PIFL2,3.302
109,123,PIEN,26.416
79.5,123.1,PSME,3.302
114.9,123.1,PIEN,15.494
126.7,123.1,PSME,26.67
122.6,123.2,PIPU,10.414
75.9,123.3,PIEN,12.192
84.2,123.3,PIEN,8.89
88.6,123.3,PIPO,28.448
139,123.3,POTR,25.908
116.7,123.4,PIEN,17.78
168.1,123.4,PIEN,12.446
87.8,123.5,PSME,16.764
104.9,123.5,PIPO,12.7
177.4,123.5,POTR,10.16
75.3,123.6,PSME,33.528
85.9,123.6,PSME,42.926
42.4,123.7,PIEN,10.668
48.6,123.7,PIEN,11.938
87.9,123.7,PIPO,46.482
119.3,123.7,PIPO,35.052
186.6,123.7,POTR,17.526
20.1,123.8,PIFL2,8.382
42.2,123.8,PIEN,5.08
180,123.9,PIEN,3.81
62.8,124,PIEN,3.81
85.1,124,POTR,19.304
39.3,124.1,PIPU,3.81
85.7,124.1,PIPU,12.446
88.6,124.1,PIEN,7.62
141.6,124.1,PIFL2,23.622
111.2,124.2,PIEN,19.05
4.6,124.3,PIPO,40.64
38.1,124.3,POTR,15.24
171.9,124.3,PIPO,34.798
185.7,124.3,POTR,13.97
66.4,124.4,POTR,10.922
116.6,124.4,PSME,19.304
146,124.4,PSME,38.862
147.7,124.4,POTR,18.034
159.3,124.4,PIEN,1.778
179.6,124.4,PIEN,9.398
87.6,124.5,PIPO,34.29
113.9,124.5,POTR,10.668
117.1,124.5,POTR,13.462
168,124.5,POTR,14.224
181.7,124.6,PSME,36.068
150.6,124.7,PIEN,1.016
115.7,124.8,PIPU,25.654
56.6,124.9,PIPO,53.086
98.3,124.9,PIEN,13.97
154.1,124.9,POTR,14.224
36,125,POTR,6.604
125.8,125,PIEN,16.256
151.6,125,PIPO,1.016
157,125,PIEN,16.002
174.1,125,POTR,12.7
23.7,125.1,PIEN,9.398
100.2,125.1,POTR,8.382
102.8,125.1,POTR,12.446
32.1,125.3,POTR,11.684
40.8,125.3,PIEN,3.048
162.2,125.3,PIPO,33.02
169.3,125.3,PIEN,8.382
187.6,125.4,PSME,7.366
55.9,125.5,PIPU,14.986
133.2,125.5,PSME,33.274
173.3,125.5,PIPO,13.97
34.6,125.6,PIEN,14.224
184.1,125.6,POTR,15.748
42.6,125.7,POTR,11.938
92.2,125.7,PIPO,30.734
161.5,125.7,PIPO,49.784
172.8,125.7,PIEN,10.668
158.5,125.8,PIPU,20.828
171.3,125.8,POTR,10.414
172.8,125.9,PIFL2,14.224
182.2,125.9,PIPO,30.48
43.8,126,PSME,11.43
87.8,126,POTR,19.812
128.8,126,PIEN,17.526
11.9,126.1,PIPO,2.286
177.9,126.1,PIFL2,10.16
46.2,126.2,PIPO,25.146
58.1,126.2,PIEN,6.858
49.7,126.3,PIPO,16.002
117.7,126.3,PSME,20.32
126.5,126.3,PSME,23.622
156.3,126.3,POTR,11.938
197.9,126.3,PIEN,8.382
59.5,126.4,PIPO,26.67
63,126.4,PSME,45.72
118,126.4,PIEN,13.716
148.8,126.4,PIPU,28.448
158,126.4,PIPU,10.668
184,126.4,POTR,9.144
188.1,126.4,PIEN,7.366
189.4,126.4,PSME,11.43
197.5,126.4,PSME,14.986
46.2,126.5,PSME,11.43
134.5,126.5,PIEN,36.83
195,126.5,POTR,17.272
101.7,126.6,PIPO,3.81
32.4,126.7,PIEN,11.176
97.8,126.7,PIEN,7.874
76,126.8,PIEN,12.954
83.6,126.8,PIPU,25.4
157.7,126.8,PIEN,1.524
134.8,126.9,PIEN,11.684
182.9,126.9,PIEN,2.032
198.2,126.9,PIPU,1.016
67.9,127,PIPU,5.08
125.9,127,PIPU,31.242
151.3,127,PIEN,29.972
5.5,127.1,PIPO,9.398
74.6,127.1,POTR,15.24
152.8,127.1,PIPU,6.858
175.8,127.1,POTR,9.652
176.2,127.1,PIPO,35.306
52.4,127.2,PSME,17.018
72,127.2,PIFL2,18.288
170.3,127.2,PIEN,2.032
43.4,127.3,PIFL2,2.286
114.1,127.3,PIEN,3.302
176.3,127.3,PIEN,17.526
187.1,127.3,PIEN,29.21
185.3,127.4,PIEN,31.75
91.8,127.5,POTR,18.288
185.5,127.5,PIPO,9.652
59.5,127.6,PIEN,1.016
75.8,127.6,PSME,26.416
93.9,127.6,PIEN,24.638
171.6,127.6,PIPU,22.352
53.3,127.7,PIFL2,12.7
182,127.7,PIPO,2.032
189,127.7,PIFL2,4.826
91.4,127.8,PSME,17.78
94.5,127.8,POTR,8.382
67.9,127.9,PIPU,8.382
128.6,127.9,PIEN,32.004
33.4,128,PIPO,8.382
49.9,128,PIEN,7.366
104.2,128,PIFL2,19.558
129.5,128.1,PIFL2,1.27
63.4,128.2,PIEN,12.7
100.5,128.2,PIPU,16.51
110.6,128.2,PIEN,14.478
71.4,128.3,PIPO,15.748
195.8,128.3,PIEN,13.462
39.1,128.4,PIPO,24.13
53.8,128.4,PIFL2,7.62
25.2,128.5,PSME,15.748
46.7,128.5,PIPO,46.482
138.6,128.5,PIEN,8.89
13.7,128.6,PIEN,11.938
30.1,128.6,PIEN,2.032
63.2,128.6,POTR,7.112
88.4,128.6,PIEN,7.874
97.9,128.6,PIPU,21.59
163,128.7,PIEN,4.826
32.3,128.8,PIPU,14.732
38.8,128.8,PIEN,5.842
84.8,128.8,PIEN,12.446
103.5,128.8,PIPU,4.318
171.1,128.8,PIPO,10.16
29.7,128.9,PIEN,10.414
186.4,128.9,PSME,25.654
199.2,129,PIFL2,20.574
119,129.1,POTR,9.906
141.2,129.2,PIPU,14.986
159.8,129.2,PIPO,31.496
194,129.2,POTR,24.638
136.2,129.3,POTR,8.382
192,129.4,POTR,17.272
38.9,129.5,PIEN,14.986
104.6,129.5,PIEN,13.462
107.4,129.5,PSME,13.462
132.7,129.5,PIEN,3.048
143.5,129.5,PIEN,2.794
76.6,129.6,PIEN,19.304
165.7,129.6,PIPO,14.986
33.8,129.7,PIEN,30.734
125.9,129.7,PIEN,9.398
43.5,129.8,PIPO,35.306
199.4,129.8,PIPU,4.572
25.3,129.9,PIPU,22.098
68.9,129.9,PSME,30.734
36,130,PSME,15.748
133.4,130,PSME,22.606
182.8,130,PSME,4.826
72,130.1,PIEN,11.176
80.8,130.1,PIEN,1.27
90.6,130.1,PIPU,23.876
117,130.1,PIEN,13.462
132.6,130.1,PIEN,10.668
178.9,130.1,PIEN,23.114
185.8,130.1,PIPO,43.942
67.9,130.2,PSME,16.764
175.8,130.2,PIPO,12.7
175.8,130.2,POTR,8.636
55.3,130.3,PIPO,31.496
124.2,130.3,PIEN,3.8608
22.6,130.4,POTR,11.176
68.4,130.4,PIPU,3.302
129.5,130.4,PIEN,20.574
173.7,130.4,PSME,5.334
162,130.5,POTR,18.034
96.1,130.6,PIEN,27.686
179,130.6,PIPO,31.75
17.4,130.7,PIPO,22.606
19.6,130.7,PSME,17.526
60.2,130.7,PIEN,26.924
60.6,130.7,POTR,11.684
174.3,130.7,POTR,16.002
21.2,130.8,PIEN,2.794
28.6,130.8,PIPU,25.908
57.8,130.8,PIFL2,4.572
59.3,130.8,PIPO,17.78
77.3,130.8,PIFL2,1.778
160.7,130.8,PSME,9.652
194.4,130.8,PIEN,11.176
144.9,130.9,PSME,5.08
167.6,130.9,POTR,19.812
173.8,130.9,PIEN,32.766
39.2,131,PIEN,19.304
133.3,131,POTR,11.938
185.5,131,PIPO,28.448
100.5,131.1,PIEN,17.018
129.5,131.1,PIPO,40.386
144.2,131.1,PIEN,21.082
40.3,131.2,PIEN,7.62
93.8,131.2,PIEN,20.828
134.5,131.2,PIEN,11.43
19.6,131.3,PIFL2,22.098
143.8,131.3,PIEN,15.24
2.6,131.4,PIEN,25.4
42.8,131.4,PIEN,10.922
106.1,131.4,PIEN,19.558
158.8,131.4,PIPO,14.478
199.4,131.4,PSME,33.782
142.2,131.5,PIPO,26.416
145,131.5,POTR,11.684
78.1,131.6,PIEN,27.686
79.2,131.6,PIPO,30.988
90.8,131.6,PIPO,26.67
128.1,131.7,PIPU,1.524
140.1,131.7,PIEN,17.018
86.9,131.8,PIEN,10.922
120.3,131.8,PIEN,12.7
156.1,131.8,PIEN,3.556
76.3,131.9,PIEN,10.16
89.3,131.9,PIEN,14.478
11.9,132,PIPO,32.512
24.3,132.1,PIPU,46.482
166.7,132.1,PIEN,13.208
144.5,132.2,PIEN,11.176
152.6,132.2,PIEN,8.89
161.1,132.2,PIEN,1.778
173.2,132.2,PSME,26.416
178.1,132.2,PIPO,29.718
98.6,132.3,POTR,6.858
132,132.3,POTR,14.732
65.2,132.4,PIPO,11.938
34.6,132.5,POTR,11.684
149.2,132.5,PIEN,12.192
35.9,132.6,PIPO,29.464
39.9,132.6,PIPU,2.286
174.4,132.6,PIEN,6.858
198.7,132.6,PSME,27.686
72.2,132.7,POTR,21.336
172.4,132.7,PIEN,4.572
179.5,132.7,PIEN,7.112
197.7,132.7,PIEN,9.144
23.6,132.8,POTR,10.922
59.2,132.8,PIEN,25.146
99.2,132.9,PSME,10.922
140.8,132.9,POTR,18.034
147.6,132.9,PIEN,11.684
180.1,132.9,POTR,6.858
190.5,132.9,PIFL2,18.034
153.4,133,POTR,27.432
81.9,133.1,PIPO,2.54
120,133.1,PIPO,34.544
147.4,133.1,PIPO,41.402
10.7,133.2,PSME,10.668
67.3,133.2,POTR,5.334
61.9,133.3,PIEN,23.114
177.5,133.3,PIEN,16.256
187.5,133.3,PIEN,1.778
24.6,133.4,PIPU,5.08
104.9,133.4,PIEN,3.81
177.8,133.4,PIEN,5.08
195.9,133.5,PIPO,14.478
35.9,133.6,PIEN,10.922
70.6,133.6,PIPO,24.384
103.4,133.7,PIPO,48.514
122,133.7,PIEN,4.064
159.6,133.7,PIPU,4.064
194,133.7,PSME,40.64
60.3,133.8,PIPO,19.558
194.4,133.9,PIEN,14.732
59.3,134,PIEN,1.778
95.6,134,PIEN,1.27
106.1,134,PIPO,41.656
20.2,134.1,PIEN,11.176
97,134.1,PIEN,11.684
132.3,134.1,PIEN,7.366
186.4,134.1,PSME,19.304
189.3,134.1,PSME,1.524
22.9,134.3,PIPU,26.924
117.1,134.3,PIPO,25.908
135,134.4,PIEN,1.27
63.3,134.5,PIEN,2.54
117.8,134.5,PIEN,5.588
189.7,134.5,PIEN,1.778
22,134.6,PIEN,21.59
46.4,134.6,PIEN,6.858
70.2,134.6,PIEN,5.08
136.3,134.6,PIEN,3.048
17.9,134.7,PIEN,1.016
97,134.7,POTR,10.922
102.9,134.8,PIPO,37.846
136.4,134.8,POTR,18.796
17.4,134.9,PIEN,11.176
109.9,135,PIEN,16.002
95,135.1,PIEN,2.032
153.7,135.1,PIEN,20.066
186.7,135.1,PIEN,10.414
129.5,135.2,POTR,8.128
149.9,135.2,POTR,9.652
152,135.2,PIPU,26.67
99.1,135.3,PSME,33.528
124.2,135.3,PIPO,18.796
93.3,135.4,PIEN,5.334
110.6,135.4,PSME,1.016
43.4,135.6,PIPO,5.08
68.9,135.6,PIPU,12.954
176.9,135.6,PIEN,21.082
29.6,135.7,PIPO,4.064
60,135.7,PIEN,3.302
152,135.7,PIPU,15.748
63.9,135.8,PIPO,9.144
90.4,135.8,PSME,31.242
95.2,135.8,PIEN,28.448
17.5,135.9,PIPO,53.594
41.8,135.9,POTR,11.684
121.4,135.9,PIPO,32.004
115.2,136,POTR,12.192
117.4,136,PSME,13.97
147.7,136,PIEN,1.016
24.7,136.1,PIEN,1.016
35.1,136.2,PIEN,19.812
98.7,136.2,PIEN,10.922
136.1,136.2,PIEN,16.256
147.6,136.2,PIEN,23.368
136,136.3,POTR,8.636
51.7,136.5,PIFL2,20.32
91,136.5,PIEN,12.7
122.1,136.5,PIPO,26.67
189,136.5,PIEN,27.432
30.9,136.6,PSME,14.224
165.4,136.6,PIPO,1.524
186,136.6,PSME,13.97
69,136.7,PIPO,33.782
94.2,136.7,PIEN,32.766
126.2,136.7,POTR,14.478
146.5,136.7,PIEN,6.35
140.5,136.8,PIEN,4.318
148.7,136.8,PSME,16.256
180.8,136.8,PIEN,3.302
184.9,136.8,PIEN,32.512
10,136.9,PIEN,21.59
124.8,137,PSME,11.176
19.2,137.3,PIEN,13.208
104.1,137.3,POTR,11.176
183.5,137.3,POTR,7.62
130.1,137.4,PIEN,39.37
11.7,137.5,PIEN,2.794
155.1,137.5,PIPO,8.636
109.7,137.6,PIEN,8.382
30,137.7,PSME,38.608
131,137.7,PIEN,5.08
193.7,137.7,POTR,18.796
8.6,137.8,PIPU,9.144
114,137.8,PIEN,4.572
40.4,137.9,POTR,12.446
11.4,138,PIPO,46.482
37.7,138,PIPO,4.064
77,138.1,PIEN,2.54
117.6,138.1,PIEN,1.27
153.6,138.1,PIEN,6.096
161.3,138.1,PIEN,2.286
194.3,138.1,PSME,14.478
88.8,138.2,PIPO,19.05
14.8,138.4,POTR,10.668
46.1,138.4,PSME,41.402
129,138.4,POTR,15.24
4.6,138.5,PIEN,15.24
83.7,138.5,PSME,13.97
97.8,138.5,PIEN,4.572
67.6,138.6,PIPO,3.048
163.3,138.7,POTR,5.842
61.9,138.8,PIEN,3.556
118,138.9,PIPU,20.32
125.2,138.9,PIEN,13.97
16.5,139,PSME,1.27
88.5,139,PSME,14.986
199.9,139.2,PIEN,25.908
32.8,139.3,PIEN,13.97
82.2,139.3,PSME,27.686
177,139.3,PIPU,19.558
192.4,139.3,POTR,14.732
24.4,139.4,PSME,16.002
116.3,139.4,POTR,16.256
124.6,139.4,PIEN,9.398
7.8,139.6,PIPU,12.446
81,139.6,PIEN,12.446
115.2,139.6,PIEN,5.842
150.2,139.6,PIEN,27.686
70.6,139.7,POTR,25.4
165.3,139.7,PIEN,12.446
188.1,139.7,PSME,4.064
60.2,139.8,PIEN,2.54
120.3,139.8,PIEN,17.526
120.5,139.8,POTR,15.494
147.3,139.8,PSME,4.826
193.8,139.8,PSME,1.27
159.7,140,PIPO,2.54
112.2,140.2,PSME,16.256
69,140.3,PIPO,48.006
186.2,140.3,PSME,30.988
0,140.4,POTR,11.684
157.9,140.4,PIPO,15.24
167.9,140.6,PIPU,11.684
70.7,140.7,POTR,15.748
78,140.7,PIPO,35.052
90.2,140.7,PIEN,13.97
97.2,140.7,PIEN,10.668
18.8,140.9,PIEN,27.686
78.7,140.9,PIEN,1.778
116.3,140.9,PIFL2,12.192
18.8,141,PIEN,6.604
73,141.1,POTR,23.622
112.2,141.1,PSME,27.178
117.9,141.1,PIEN,2.54
199.5,141.1,POTR,22.86
108.6,141.2,PIEN,6.604
148.1,141.2,PIPO,24.384
59.6,141.3,PIEN,13.462
130.7,141.3,PIPO,21.59
136.3,141.3,POTR,14.986
50.1,141.5,PIPO,11.43
114.9,141.6,PIEN,10.922
136,141.6,PIEN,20.828
158.8,141.6,PIEN,7.112
139.9,141.7,POTR,8.89
157.1,141.7,PIEN,5.842
30.3,141.8,PIEN,24.638
40.3,141.9,PIEN,15.494
78.4,142,POTR,8.382
56.2,142.1,PIEN,3.556
148.8,142.1,PIEN,6.35
19.1,142.2,PSME,12.192
154.2,142.2,PIEN,21.844
195.7,142.2,PSME,20.32
14.5,142.3,PIEN,8.89
50.5,142.3,PSME,12.954
171.4,142.3,PIEN,5.842
16.5,142.4,PIPO,34.036
116.1,142.4,PIEN,19.558
152.9,142.4,PIEN,27.686
190.4,142.4,POTR,19.05
180.5,142.6,PIPU,36.83
75.5,142.7,POTR,11.684
34,142.9,PIEN,10.414
36.4,142.9,PIPO,31.242
46,142.9,PIEN,15.24
108.8,142.9,POTR,10.922
110.2,142.9,POTR,7.874
63.7,143,PIEN,16.002
29.3,143.1,PIEN,7.62
61.4,143.1,PIPU,18.034
89.8,143.1,PIPU,18.034
148,143.1,PIEN,2.54
72.6,143.2,PIPO,46.482
147.5,143.2,POTR,8.89
191.4,143.2,PIEN,12.192
2.4,143.3,POTR,21.59
43.5,143.3,PIFL2,12.7
190.7,143.3,PIEN,1.27
137.8,143.4,PIEN,2.032
196.7,143.4,PSME,3.302
39.6,143.5,PSME,20.574
49.4,143.5,POTR,17.018
160.5,143.5,PIPO,1.778
165.8,143.5,PIPO,16.002
70.5,143.6,PIEN,13.462
175.4,143.6,PIEN,4.572
149.7,143.7,PIPU,16.764
163.4,143.7,PIPO,30.48
173.6,143.7,PSME,32.258
64.4,143.8,PSME,22.352
71.6,143.8,PIPO,32.766
45.4,143.9,PSME,28.956
96.9,143.9,PIPO,36.068
103.3,143.9,PIEN,7.62
134.7,143.9,PSME,28.448
190.5,143.9,POTR,14.732
172.4,144,PIPO,21.336
196.7,144,PIPO,44.958
108.3,144.1,PIPU,4.826
91.9,144.2,PIEN,8.128
93.5,144.2,PIPO,16.002
119.4,144.3,POTR,33.782
154.5,144.3,PIEN,12.7
15.4,144.4,PSME,25.654
64.4,144.4,POTR,17.78
86,144.4,POTR,11.176
83.3,144.5,PIEN,2.54
68.5,144.6,POTR,17.018
68.8,144.6,PIPO,41.91
73.1,144.7,PIEN,26.924
197.2,144.7,PIEN,2.794
30.8,144.8,PIPO,28.194
125.3,144.8,PIEN,12.7
189.7,144.8,PIPU,3.81
33.8,145,PIPU,8.128
110.5,145,PIFL2,21.336
192.8,145,POTR,25.908
12.1,145.2,POTR,7.62
32.2,145.2,PIFL2,5.334
152.7,145.2,POTR,12.192
17.3,145.4,POTR,5.588
63.2,145.4,PIEN,14.986
130.3,145.4,PIEN,6.604
131.4,145.5,POTR,12.192
142.5,145.5,PSME,18.288
175.5,145.5,PIPU,19.304
3.1,145.6,PIEN,4.826
125.6,145.6,POTR,13.208
149,145.6,PIPO,17.526
167,145.6,PIEN,5.334
29.4,145.7,POTR,14.478
92.3,145.8,POTR,9.906
125,145.8,PIFL2,26.162
155.2,145.9,POTR,17.526
155.9,145.9,PIPU,24.13
43.6,146,PIPO,9.906
20.2,146.1,PIEN,10.922
59.7,146.2,PIPU,10.922
109.3,146.2,PSME,4.826
110.9,146.2,PIEN,2.54
136.1,146.2,PSME,4.064
180.7,146.2,PIEN,2.54
139.4,146.3,PIEN,20.574
54.1,146.4,PIEN,14.224
67.4,146.4,PIPU,4.572
51.1,146.5,PIEN,6.35
138.7,146.5,PSME,3.048
153.6,146.5,PIFL2,9.144
63.5,146.6,PIPO,5.842
76.8,146.6,PIEN,24.892
158.3,146.6,PIEN,4.318
43.2,146.7,PIPO,10.668
129.5,146.7,PIPU,13.208
184.1,146.7,PIEN,5.842
91,146.9,PIEN,45.974
149.7,146.9,PIEN,1.27
136,147,PIEN,1.016
114.8,147.1,PIEN,13.716
162.9,147.2,POTR,15.24
180.3,147.2,PIPO,3.048
26.1,147.3,POTR,10.922
53.2,147.4,PIEN,4.572
113.4,147.4,PIEN,3.302
9.1,147.5,PIEN,1.27
57.3,147.6,PSME,30.988
79.9,147.6,PIPU,11.938
127.6,147.6,PIFL2,1.778
187.5,147.6,PIPO,13.97
126.8,147.8,PIEN,15.24
147.5,147.8,PIPO,17.78
153,147.8,PSME,1.016
172.9,147.8,PIEN,6.35
186.6,147.8,PIPO,17.78
3.6,147.9,PSME,8.636
44.9,148,PIEN,24.384
118.4,148,PIPU,55.88
158.4,148,PSME,25.908
38.2,148.1,PIPU,4.572
88.5,148.1,POTR,13.716
91.9,148.2,PIEN,2.794
100.9,148.2,PIEN,15.24
195.7,148.2,POTR,16.256
36,148.3,POTR,15.494
3.1,148.4,PIPU,20.32
131,148.4,PSME,14.732
131,148.4,PIPU,10.16
131.1,148.5,PIEN,10.922
191.4,148.5,PIFL2,30.734
19.2,148.6,POTR,16.51
79.1,148.6,PIEN,3.556
173.2,148.6,PIEN,4.064
198.1,148.6,PIEN,19.558
22,148.7,PIEN,26.67
91.6,148.7,PIEN,20.32
22.8,148.8,PIPO,11.43
133.4,148.8,PIPO,37.084
80.2,148.9,PIEN,13.208
146.8,148.9,PSME,2.54
198.9,148.9,PIEN,56.388
87.3,149,PIEN,15.748
112.7,149,PIEN,16.002
146.7,149,POTR,14.986
73,149.1,PIPO,28.448
134.4,149.1,PIEN,8.89
136.9,149.1,POTR,11.684
164.2,149.1,PIPO,18.288
35.2,149.2,PIPO,3.302
148.5,149.4,PIEN,7.62
14.9,149.5,PSME,66.04
127.4,149.5,PIPO,21.844
130.5,149.5,PIEN,8.636
184.3,149.5,PIPU,2.032
22.7,149.6,POTR,15.748
29.5,149.6,PSME,10.16
144.2,149.6,POTR,19.05
38,149.7,PIPO,34.036
38.8,149.7,POTR,6.604
78.5,149.7,PIPO,3.81
124.3,149.7,PSME,1.27
133.9,149.7,PSME,7.366
156.8,149.7,PIEN,4.826
35.5,149.8,POTR,8.382
79.9,149.8,PIEN,11.176
127.2,149.8,PIPO,23.876
169.9,149.8,PIEN,8.89
132,149.9,PIEN,11.938
135.9,149.9,PIEN,6.604
13.5,150,PSME,23.876
22.5,150,PIEN,1.778
92.1,150,PIPU,32.004
98.2,150,PIEN,12.192
154,150,PIPO,13.208
27.9,150.1,PIPU,10.922
119.7,150.1,PIPO,10.668
57,150.2,PIPU,4.572
124.1,150.2,POTR,10.16
124.9,150.2,PIPO,16.002
45.5,150.3,PIEN,2.032
118.9,150.3,PIPO,30.734
177.5,150.3,PIEN,4.826
50.4,150.5,PIEN,20.574
59.4,150.5,POTR,11.176
63.6,150.5,PIPO,14.224
160.9,150.5,POTR,19.05
15,150.6,PIPO,33.782
17,150.6,PIPO,3.048
125,150.6,PIEN,24.13
40.9,150.7,PIPO,26.924
114.9,150.7,PIEN,8.128
73.2,150.8,PIPO,11.176
116.2,150.9,PIPO,5.842
125.1,150.9,POTR,12.192
75.9,151,PIEN,19.558
145,151.1,POTR,14.224
161.2,151.4,PIEN,14.986
193.7,151.4,PIEN,1.27
32.9,151.5,POTR,5.588
62.2,151.5,PIEN,21.082
118.2,151.5,PSME,48.26
178.9,151.5,PIEN,8.89
45.5,151.6,PSME,4.064
60.3,151.7,PIEN,5.08
98.8,151.7,PIPU,4.572
184.5,151.7,PIEN,27.94
140.9,151.9,PIFL2,11.938
102.6,152,POTR,13.462
108.7,152,PIEN,1.27
164.2,152,POTR,10.922
167.8,152.1,PIEN,2.54
176.9,152.1,PIEN,2.286
179.9,152.1,PIEN,2.286
160.5,152.2,PSME,27.94
76.1,152.3,PIPU,3.302
155.2,152.4,POTR,16.764
197.5,152.4,PIPU,4.064
6.5,152.5,PIEN,4.826
143.9,152.5,POTR,32.004
148.9,152.5,PIPU,22.606
187.2,152.5,PIPU,15.748
100.9,152.6,POTR,8.636
158.8,152.6,PIEN,3.81
37.8,152.7,PIEN,11.938
80.8,152.8,PIEN,7.366
146.4,152.8,PIEN,16.51
160.1,152.8,PIEN,15.24
189.2,152.9,PIEN,18.542
31.3,153,PIFL2,6.858
36.1,153,PIEN,2.54
197.5,153,PSME,30.988
93.2,153.1,PIEN,7.62
163.5,153.1,PSME,20.066
70,153.2,PIFL2,10.16
102.1,153.2,PSME,9.398
105,153.2,POTR,11.684
129.7,153.2,PIPO,24.892
130.6,153.2,POTR,10.668
148.4,153.2,PIPU,14.224
165.9,153.2,PIEN,37.084
197.2,153.2,PIEN,1.524
86.9,153.3,PIPO,24.638
137.2,153.3,POTR,10.414
163.7,153.3,PIPO,42.164
172.4,153.3,PIEN,24.892
175.1,153.3,PIEN,29.464
179.2,153.3,PSME,10.668
167.7,153.4,POTR,19.812
106.2,153.5,PIEN,32.512
106.3,153.5,PIPO,22.352
90.4,153.7,PIEN,5.08
119.2,153.7,PIEN,27.686
140.3,153.7,PIEN,2.286
140.7,153.7,PIPO,19.304
172.4,153.7,POTR,24.384
191.2,153.7,PIPO,11.176
36,153.8,PIPO,7.62
119.6,153.8,PSME,8.382
51.9,153.9,PIPO,1.524
70.5,154,PIEN,4.572
159.2,154,PIEN,1.778
188.8,154,PIEN,5.08
89.2,154.1,PIEN,23.876
127.1,154.2,POTR,15.748
141.7,154.2,PIFL2,36.068
150.4,154.2,PIFL2,5.334
34,154.3,PIFL2,30.48
126.2,154.3,PIEN,30.226
71.1,154.4,POTR,13.462
125.1,154.4,PIPU,15.494
37.2,154.5,PIPO,31.242
131,154.5,PIEN,19.05
197.6,154.5,PIEN,5.588
15,154.6,PIEN,1.524
74.6,154.6,PSME,8.89
144.1,154.6,PIPU,4.572
179.9,154.6,PIEN,14.986
6.8,154.7,PIEN,3.302
43.2,154.7,POTR,27.686
95.3,154.8,POTR,11.684
160.5,154.8,PIPU,3.302
165.9,154.8,POTR,16.51
87.2,154.9,PIEN,30.734
162.4,154.9,PIEN,3.81
182.9,155,PSME,25.4
121.1,155.1,PIEN,7.62
132,155.1,PIPO,15.748
125.4,155.2,PSME,35.306
148.7,155.2,PSME,16.51
196.6,155.2,PIEN,2.794
101.8,155.3,POTR,16.002
138.5,155.5,PIPO,18.796
32.5,155.6,PIPO,8.128
199.9,155.6,POTR,19.812
124.6,155.8,PSME,23.876
60.7,155.9,PIPO,22.098
63.6,155.9,PIEN,5.842
124.7,156,PIEN,6.096
152.8,156,PIEN,3.81
174.2,156,PIPU,16.256
47.1,156.1,PIEN,5.842
70.5,156.1,PSME,17.018
86.5,156.1,POTR,16.002
89.8,156.1,POTR,22.352
107.3,156.1,PSME,20.828
110.1,156.1,PIEN,3.302
125.9,156.1,PSME,5.334
126.2,156.1,PSME,48.006
134.5,156.1,PIPO,18.542
134.6,156.2,POTR,11.43
182.6,156.2,PIEN,22.606
19.1,156.3,POTR,13.716
60.6,156.4,PIPU,20.828
35.4,156.5,PIEN,7.874
91.5,156.5,PIEN,12.7
157.3,156.5,PIPU,17.018
13.5,156.6,PIFL2,2.286
174.5,156.6,PSME,13.716
46.2,156.7,POTR,12.7
71.4,156.7,POTR,5.08
179.6,156.7,PIFL2,8.636
46.7,156.8,PIEN,17.78
116.8,156.8,PSME,18.288
198.5,156.8,POTR,15.24
16.8,156.9,PIPU,30.48
58.1,156.9,PIFL2,10.414
126.8,156.9,PIEN,22.606
60.2,157,PIEN,4.064
52,157.1,PIEN,14.224
58.7,157.2,PSME,9.906
129.3,157.3,PSME,3.81
133.1,157.3,PSME,21.082
19.9,157.4,PSME,25.4
36.5,157.4,PIEN,10.922
138.4,157.4,PIEN,22.86
156,157.4,PIPO,24.892
164.2,157.4,PSME,17.78
73,157.5,POTR,19.812
108.2,157.5,PIEN,10.668
162.2,157.5,PSME,13.97
128.9,157.6,PIEN,12.954
139.5,157.7,PIPO,31.75
136.2,157.8,PIPU,15.24
166.6,157.8,PIEN,25.908
38.3,157.9,PIEN,16.51
159.3,158,PSME,25.908
167.3,158.1,POTR,20.066
144.3,158.2,POTR,13.208
147.4,158.4,PIEN,3.302
166.4,158.4,PIPO,36.576
193.9,158.4,PIEN,17.272
134,158.5,PIPO,50.8
190.8,158.5,PIPU,7.874
185.2,158.7,PSME,9.906
29.3,158.9,PIFL2,13.208
58.3,158.9,PIEN,12.446
138,158.9,PSME,9.144
193,159,POTR,30.988
7.7,159.1,POTR,24.13
31.5,159.1,PIEN,13.462
31.5,159.1,PIEN,20.828
95.4,159.1,PIEN,36.83
190.2,159.1,PIEN,1.016
53.3,159.2,PIPU,9.652
93,159.3,PIEN,14.478
110.3,159.3,PIPO,42.672
133.8,159.4,PIPU,20.828
19.2,159.5,PSME,20.574
82.9,159.5,POTR,13.462
89.9,159.5,PIPO,23.368
127.1,159.5,POTR,18.034
76.2,159.6,POTR,4.318
106.1,159.6,PIEN,13.208
108.7,159.7,PIEN,1.524
183.4,159.7,PIPO,2.286
108.7,159.8,PSME,33.02
146.9,159.8,PIPO,29.21
74.8,160,PIPU,1.524
136,160,PIEN,14.224
169.6,160,PIPU,3.556
14.9,160.1,PIEN,10.16
71,160.1,PIEN,19.304
75.9,160.1,PIPO,9.652
128.5,160.1,PIEN,10.668
5.4,160.2,PIEN,8.382
83.7,160.2,PIPO,2.286
99.1,160.2,PIPO,5.588
126,160.2,PIEN,30.988
60.8,160.3,POTR,8.382
68.1,160.3,PIPU,43.18
156.8,160.3,PIEN,13.716
8.6,160.4,PSME,32.258
32.3,160.4,PSME,29.972
60.5,160.4,PIEN,22.86
122.6,160.4,PIPU,6.858
168.9,160.4,PSME,36.068
186.7,160.4,PIPO,16.002
65.6,160.5,PIEN,6.604
90,160.5,PIPU,22.606
18.2,160.6,PIEN,13.716
99.2,160.6,PIEN,2.794
51.9,160.7,POTR,22.86
113.5,160.8,POTR,28.702
75.8,161.1,PIPO,1.778
118.7,161.1,PSME,2.286
1.9,161.2,POTR,9.398
59.2,161.2,PIEN,2.032
84.2,161.2,PIEN,3.302
137.8,161.2,PIPU,8.89
29.9,161.3,PIEN,1.524
104.9,161.4,PIEN,4.064
182.1,161.4,PSME,28.702
22.1,161.6,PIPU,4.064
32.7,161.6,PIEN,4.572
63.8,161.6,PIPO,47.498
179.9,161.7,PIEN,16.51
105.7,161.8,POTR,11.43
146.6,161.8,PSME,22.352
65.9,161.9,PIPO,17.018
84.7,161.9,PIPO,16.256
37,162,PIPO,38.862
72.5,162.1,PSME,39.37
89.1,162.1,PIPO,35.052
118,162.1,POTR,15.494
48.4,162.2,PIPO,40.132
164.6,162.2,PIEN,10.16
191.6,162.2,POTR,13.716
194.6,162.4,PIEN,33.02
195.4,162.5,POTR,14.478
193.8,162.7,POTR,22.098
148.1,162.8,PIEN,11.43
149.7,162.8,PIPU,22.352
153.5,162.8,POTR,8.128
168,162.8,POTR,17.526
28.4,162.9,PIPO,44.958
56,162.9,PSME,11.176
143.3,162.9,PIEN,14.224
31.8,163,PIPU,14.478
120.6,163.1,PSME,10.922
79.3,163.2,PSME,10.922
181.3,163.2,PIEN,9.652
65.7,163.4,PIPU,3.556
39,163.6,PSME,1.778
76.9,163.6,PSME,2.032
12.8,163.7,PIEN,7.366
17.9,163.8,POTR,13.462
51.1,163.8,PIPU,9.144
107.4,163.8,PIFL2,12.7
137.6,163.8,PIPO,11.176
137.7,163.8,POTR,10.16
34.9,163.9,PIEN,5.334
17.1,164,PIEN,23.368
32.4,164,PIEN,10.668
68.9,164.1,PIEN,4.318
128.5,164.1,PIPO,42.418
139.7,164.2,PIEN,10.668
114,164.3,POTR,14.986
172.6,164.3,PIEN,24.384
166,164.4,PIEN,25.654
87.5,164.5,POTR,8.128
62.4,164.6,POTR,24.892
115.6,164.6,PIPO,42.672
186.4,164.6,POTR,7.62
37.2,164.7,PIFL2,5.842
135.9,164.7,PIPU,14.478
167.2,164.8,PIEN,24.13
186.1,164.8,PSME,21.336
120,165,PIEN,6.858
124.3,165.2,PIEN,1.778
39.4,165.3,PSME,2.286
186.6,165.3,PIEN,1.27
60.3,165.4,PIEN,10.16
191.4,165.5,PIEN,1.016
12.2,165.7,PIEN,7.62
84.6,165.7,PIEN,4.318
156.8,165.8,PSME,15.24
62.1,165.9,PIFL2,5.08
58.3,166,PSME,13.462
57.5,166.1,PIEN,20.066
198.3,166.1,PIEN,18.796
42.3,166.2,PIEN,2.286
93.3,166.3,POTR,10.16
59.4,166.4,PIPO,47.752
122.6,166.4,POTR,23.114
125.5,166.4,PSME,30.48
129.9,166.5,PIPO,9.144
164,166.5,PIEN,3.556
104.1,166.6,PIPO,3.302
54.2,166.8,PIFL2,12.192
90.1,166.8,PSME,24.892
142.5,167,POTR,18.796
168.3,167,POTR,10.668
196.5,167,PIEN,21.082
80.2,167.1,PIEN,4.318
194,167.2,PIPO,22.352
19.5,167.4,PIFL2,2.54
55.3,167.4,POTR,22.098
45.6,167.5,PIEN,6.096
72.1,167.5,PIEN,20.066
162.5,167.5,PIEN,9.652
172.8,167.5,PIEN,5.08
154.8,167.7,PIPU,10.668
168.6,167.7,POTR,20.32
191.2,167.7,POTR,9.906
195.8,167.7,POTR,9.652
197.8,167.7,PIEN,1.27
56.4,167.8,PIPU,1.27
71.4,167.9,POTR,9.652
163,167.9,PIEN,18.034
174.5,167.9,PSME,26.416
187.5,168,POTR,13.97
61.3,168.1,PSME,36.576
137.5,168.1,PIEN,8.636
178.1,168.1,PSME,2.286
161.4,168.2,PSME,29.972
163.7,168.2,PIEN,7.112
175.5,168.4,PIEN,2.794
177.1,168.4,PIEN,14.224
28.9,168.5,PIEN,7.874
120.9,168.5,PIEN,2.54
20.5,168.6,PSME,13.97
70.9,168.6,PIEN,9.906
87.6,168.6,POTR,16.256
182.4,168.6,PIEN,4.572
108.5,168.7,POTR,14.224
17.1,168.8,PIPO,13.97
93,168.9,POTR,10.922
58,169,POTR,15.748
58.6,169,PIEN,4.826
147,169,POTR,15.24
75.4,169.1,PIEN,6.858
14.5,169.2,POTR,17.526
126.4,169.2,POTR,8.382
143.4,169.2,PIEN,15.24
97.6,169.3,PSME,14.478
101,169.3,PIEN,36.322
143.1,169.3,PIEN,13.716
50.1,169.4,PIFL2,24.638
65.3,169.4,PIEN,5.842
81.1,169.5,POTR,14.224
94.6,169.5,PIEN,3.302
159.7,169.5,POTR,6.604
108.3,169.7,PIEN,4.572
145.1,169.7,PIPU,15.24
186.5,169.8,PIFL2,25.908
133.9,170,PIPU,2.032
18.8,170.2,PIEN,4.826
77.9,170.2,PIEN,8.382
180.2,170.2,POTR,14.224
181.7,170.4,PIPO,27.94
32.1,170.5,POTR,6.096
134.6,170.5,PSME,16.256
29.4,170.6,POTR,9.144
78.5,170.6,POTR,16.256
29.6,170.7,PIPU,5.08
144.1,170.7,PIEN,8.89
60.1,170.8,PIPU,27.178
152.7,170.8,PIEN,24.384
161.2,170.8,POTR,13.97
61,170.9,PIEN,12.192
107.1,170.9,PIPO,15.24
124.4,170.9,PSME,13.462
156.9,170.9,PSME,28.194
12.3,171,PIEN,6.604
105.4,171,PIPU,4.318
158,171,PIEN,12.192
185.6,171,PSME,14.224
88.9,171.1,PIEN,2.54
104,171.2,POTR,7.112
124.7,171.2,PIEN,12.192
111.3,171.3,PIEN,25.146
138.1,171.3,PIEN,23.622
162.7,171.3,POTR,15.748
182.8,171.3,POTR,9.652
187.6,171.3,PIEN,20.574
95.1,171.5,PIEN,24.892
185,171.5,PIPO,12.446
136.6,171.6,PIPO,16.51
33.6,171.7,PIPO,59.436
124.9,171.8,PIPO,6.604
168.5,171.8,PIEN,3.81
43.6,172,PIEN,33.02
63.3,172.2,PIPO,2.794
21.3,172.3,PIEN,26.67
60.5,172.4,PSME,39.624
77.7,172.4,PIEN,9.652
90.4,172.4,PIPO,4.572
108.6,172.4,PIEN,1.27
134.3,172.4,PSME,2.794
60,172.5,POTR,12.7
65.5,172.5,POTR,9.906
78.2,172.5,POTR,10.922
82.1,172.5,PIEN,2.54
12.1,172.7,PSME,21.59
17.9,172.7,PIPO,6.858
102.2,172.7,PIEN,15.24
114,172.8,POTR,11.43
67.5,173.1,PIEN,4.572
101.4,173.1,PIEN,1.016
180.9,173.1,PIEN,3.556
66,173.2,PIPU,16.51
75.9,173.2,PSME,18.034
111.8,173.2,PIEN,8.382
176.1,173.2,POTR,8.636
18.8,173.3,PIEN,6.604
21,173.3,PIPU,10.668
73.4,173.3,POTR,13.716
84.5,173.5,PIEN,15.24
125.1,173.5,POTR,15.748
137.9,173.5,POTR,20.32
164.9,173.6,PSME,24.892
78.6,173.7,PIPO,6.858
80.2,173.7,PIEN,13.97
77.1,173.8,PIPU,16.51
90,173.8,PIPO,28.702
190.5,173.8,PIEN,22.098
20.1,173.9,PSME,9.906
22.7,173.9,PIEN,5.588
31.4,173.9,POTR,15.24
35,173.9,PIPO,10.414
51.5,174,PSME,2.286
172.3,174,PIEN,33.782
189.4,174,PIFL2,11.43
42.1,174.1,PIPO,4.572
57.4,174.1,PSME,21.082
133.1,174.1,PIEN,25.654
188.4,174.1,POTR,18.288
95.2,174.2,PIEN,20.574
139.3,174.2,PIPU,5.842
162.4,174.3,PIEN,6.604
107.8,174.4,POTR,14.986
82,174.5,PSME,17.272
71.3,174.6,PIEN,12.954
84.9,174.6,PSME,2.286
99.4,174.6,PIEN,5.334
77.9,174.7,PIEN,24.638
98.1,174.7,PIPO,44.704
114.4,174.7,POTR,20.066
156,174.7,PIEN,31.496
59.1,174.9,POTR,14.224
133.6,175.1,PSME,34.29
45.1,175.3,PIPU,25.146
92.3,175.3,PIEN,13.462
168.7,175.4,PSME,35.814
44.9,175.5,PIEN,8.128
93.8,175.5,PSME,8.636
185.6,175.5,PSME,38.1
15.9,175.6,POTR,23.876
82.3,175.6,PSME,38.608
153.6,175.6,POTR,13.208
73.4,175.7,PSME,59.182
84.1,175.7,PSME,15.748
98.4,175.7,POTR,8.128
130.3,175.8,PIEN,22.606
48.3,175.9,PSME,13.208
21,176,PIEN,3.81
134.3,176,PIEN,13.462
196.9,176,PIEN,2.794
171.4,176.1,PIEN,8.89
150.2,176.2,PIFL2,27.686
7,176.3,PIPO,3.302
63.6,176.3,PIPO,19.558
129.6,176.3,POTR,3.81
153.4,176.3,PIEN,10.668
196.5,176.3,PIEN,17.78
35.5,176.4,POTR,12.192
83.4,176.4,PIEN,22.352
196.2,176.4,PIEN,1.778
123.1,176.5,PIEN,7.366
25.7,176.6,PIPU,22.352
110.6,176.6,PIEN,29.464
121.6,176.6,PIEN,1.016
129.6,176.7,PSME,21.844
3.2,176.8,PIPU,14.224
125.3,176.8,PSME,10.16
139.1,176.8,PIEN,7.112
102.7,176.9,PIPO,46.482
109.4,176.9,PSME,3.81
117.6,177,PIEN,6.35
140.2,177,POTR,10.414
66.3,177.2,PIPU,24.892
104.1,177.2,PIEN,2.54
123.8,177.2,PIEN,27.178
22.4,177.3,PIEN,6.096
73.9,177.3,PIEN,11.176
25.2,177.4,POTR,18.796
69.8,177.4,PSME,12.192
85.4,177.4,PIFL2,5.842
101.9,177.4,PIEN,1.778
107,177.4,PIEN,12.192
189.9,177.4,POTR,16.256
74,177.5,PIEN,32.766
37.6,177.6,POTR,21.844
88.1,177.6,PSME,28.194
96.9,177.7,PSME,15.24
192.3,177.7,PIEN,11.43
199.2,177.8,PIPO,6.096
96.7,177.9,PIEN,17.018
105.9,177.9,PSME,20.574
15.9,178,PIEN,2.794
119.1,178,PIEN,8.382
157.3,178,PIEN,18.034
196.9,178,PIEN,9.652
10.1,178.2,PIEN,5.334
83.3,178.2,PSME,54.356
48.4,178.3,PSME,2.286
134.4,178.3,PIPO,6.096
164.2,178.4,POTR,20.32
26.4,178.5,PIPU,4.318
52.5,178.5,PIPU,14.986
77.9,178.5,PIEN,24.13
19.5,178.6,PSME,35.56
103.1,178.6,PIPO,8.382
170.6,178.6,POTR,21.59
178.3,178.7,PIEN,8.89
130.2,178.8,PIPU,7.112
171.6,178.8,POTR,13.716
63.7,178.9,PIEN,3.048
191.2,179,POTR,12.192
41.5,179.1,PIEN,3.048
55.8,179.1,PIFL2,8.636
71.4,179.1,PIPO,45.72
76.9,179.1,PIEN,9.906
156.2,179.1,PSME,44.45
65,179.2,PSME,33.782
29.8,179.3,POTR,20.066
77.5,179.3,PIEN,11.684
159.6,179.3,PSME,14.224
55.7,179.4,POTR,8.128
64.8,179.4,PIPU,13.97
168.4,179.4,PIPO,13.208
59.2,179.5,PIEN,5.842
110.5,179.5,PIPO,20.32
146.5,179.5,PIPU,5.842
63.9,179.7,POTR,11.176
89.4,179.7,PSME,12.7
163,179.7,PIEN,8.382
166.1,179.7,POTR,7.874
174.2,179.7,PIPU,20.828
187.5,179.7,PIPO,40.64
135.2,179.8,PIPO,30.734
143.7,179.9,PIPO,13.462
188.5,179.9,PIEN,17.526
151.7,180,PIPU,18.288
112.1,180.1,PIEN,2.032
88.4,180.2,PIPO,18.034
93.7,180.2,PIPO,38.1
70.1,180.3,PIEN,6.35
13,180.4,PIEN,4.064
110.1,180.4,PSME,11.43
181.6,180.5,PIEN,4.064
97.8,180.6,PIPO,2.032
56.2,180.7,PSME,1.27
116,180.8,PIEN,15.494
77.1,180.9,POTR,5.842
188.9,180.9,PIEN,4.826
188.2,181,PSME,42.164
194.5,181,POTR,16.002
39.2,181.1,PIEN,2.54
57.6,181.1,PIEN,2.54
41.6,181.2,PIPO,18.542
53.5,181.2,PSME,22.098
159.6,181.2,PIEN,34.036
85.7,181.3,POTR,8.636
199.8,181.3,PIPU,6.096
19.8,181.4,PSME,5.08
39.2,181.4,PIPU,18.796
197.9,181.4,POTR,15.494
186,181.8,PIPO,13.97
65,181.9,PIEN,16.764
82.6,182,POTR,5.842
28.6,182.1,PSME,13.97
95.2,182.1,PIFL2,1.27
70.7,182.2,PSME,40.894
44.1,182.3,PIEN,9.906
199.6,182.3,POTR,19.558
34.4,182.4,PIEN,1.016
115,182.4,PIEN,12.446
75.6,182.5,PIPU,6.096
130.8,182.5,PIEN,21.336
163.3,182.5,PIPU,17.78
89.1,182.6,POTR,6.35
164.9,182.6,POTR,10.668
47.9,182.7,PIEN,19.812
77.4,182.7,PSME,14.986
197.1,182.7,PIPU,26.67
29.3,182.8,PSME,12.7
184.2,182.8,PIEN,7.366
12.5,183,PIEN,6.096
51.3,183,PSME,6.096
169.4,183,PIEN,2.794
13,183.1,PIEN,14.478
24.1,183.1,PSME,9.144
68.6,183.1,PIPO,54.61
55.9,183.2,PIPO,39.37
90,183.2,POTR,10.668
149.1,183.2,PIPO,24.892
159.9,183.4,PIEN,6.35
84.6,183.5,PIPO,27.686
127.8,183.7,POTR,12.192
45.3,183.8,PIEN,2.54
50.2,183.9,POTR,12.954
63.1,183.9,PSME,13.97
87.9,183.9,PIEN,34.29
131.4,183.9,PSME,13.208
22,184,PIPU,6.096
50.9,184.1,PIEN,1.524
83.3,184.1,PIEN,1.27
197.7,184.1,PIEN,5.588
18.1,184.3,PIPO,26.162
62.6,184.3,PIEN,5.334
138.9,184.3,PIPO,10.16
146.3,184.3,PIEN,7.112
64.8,184.4,POTR,21.59
92.9,184.4,PIPU,7.112
129.7,184.4,PIPO,48.514
115.9,184.6,PIEN,2.032
159.2,184.7,PIEN,4.826
88.8,184.9,PIPU,11.176
156.9,184.9,PSME,3.048
81.6,185,PIEN,2.032
89.2,185,PIEN,17.018
100.3,185.1,PIEN,7.112
100.7,185.1,PIEN,8.89
177.8,185.1,PSME,20.828
15.5,185.2,POTR,13.716
125.9,185.2,PSME,32.766
140.3,185.2,PIEN,10.414
191.3,185.3,PSME,16.51
133.4,185.4,POTR,16.256
144.6,185.4,PSME,13.208
64.8,185.5,PIEN,10.414
87.7,185.5,PIEN,11.43
141.3,185.5,PIFL2,24.13
84.2,185.6,PIEN,45.212
48.9,185.7,PIEN,28.194
140,185.7,PSME,42.164
67.4,185.9,PIEN,7.62
102.7,185.9,PIPU,7.62
198.2,186,PIEN,19.05
75.7,186.1,POTR,11.176
193.4,186.1,POTR,14.986
24.3,186.2,PIEN,3.556
20.9,186.3,POTR,38.1
9.3,186.4,PSME,38.862
72.6,186.5,PIPO,17.272
95.6,186.5,PIEN,20.828
111.2,186.5,PIEN,19.05
156.8,186.5,PIFL2,18.034
26.3,186.6,PSME,19.558
71.5,186.6,POTR,18.542
128.8,186.6,PIEN,10.668
153.1,186.6,PIEN,15.748
55.5,186.7,PIPU,10.414
139.5,186.8,PIEN,20.828
174.1,186.8,PIEN,27.686
147,187.1,PIEN,2.794
101.7,187.2,PIPU,18.796
22.1,187.3,POTR,13.208
78.9,187.3,PIEN,12.954
117.6,187.4,POTR,26.416
116.7,187.5,PIEN,13.716
141.5,187.5,PIEN,6.858
180.7,187.5,POTR,13.97
93.4,187.6,PIPU,13.97
152,187.6,PSME,13.208
102.3,187.7,PIPU,4.826
180.6,187.7,PIEN,14.986
71.1,187.8,POTR,12.446
73.8,187.8,PIEN,22.352
21.9,187.9,PIEN,9.398
108.9,187.9,PIEN,3.81
83.6,188,POTR,12.446
195.5,188,PIPU,20.828
178.9,188.2,PIPU,7.62
78.1,188.3,PIFL2,22.606
147.8,188.3,PIEN,5.08
128.6,188.4,PIEN,5.08
144.7,188.5,PIPO,28.448
146.1,188.5,PIPU,3.302
193.2,188.5,POTR,19.304
80.4,188.6,PIEN,21.844
47.4,188.7,PIEN,21.59
140.5,188.7,PIFL2,10.668
180.6,188.8,PSME,28.702
37.7,188.9,PIEN,18.288
67.8,188.9,PIEN,22.86
160,188.9,PIEN,13.462
32.5,189.1,PIEN,2.032
168.3,189.1,PIEN,2.794
158.2,189.2,PIPO,31.242
70,189.4,PIPO,6.35
138.9,189.5,PIEN,11.43
73.6,189.6,PIEN,13.97
75.5,189.6,PIEN,8.89
117.9,189.6,PIEN,4.2926
36.9,189.7,PIEN,7.366
176.4,189.7,PIPU,25.654
184.6,189.7,POTR,12.7
23.4,189.8,POTR,12.954
19.9,189.9,PIEN,19.558
71.3,189.9,PIEN,30.988
103.3,189.9,POTR,15.494
145.5,189.9,POTR,11.938
47.3,190,PSME,16.51
93.8,190,POTR,12.446
152.4,190,PIEN,10.16
114.7,190.1,PSME,10.16
116.8,190.1,POTR,10.16
105.1,190.3,PIEN,18.288
170.6,190.3,PSME,15.24
134,190.4,POTR,20.32
184.2,190.4,PIEN,4.318
67.1,190.5,POTR,21.844
109.6,190.5,PIEN,6.604
42.4,190.6,PSME,11.43
106.5,190.6,PIPU,8.382
40.3,190.8,PSME,17.526
33.8,190.9,PSME,7.366
136.9,191,POTR,7.62
176.5,191,PIPU,16.002
107.5,191.1,PSME,1.524
115.3,191.1,PIEN,20.32
33.7,191.2,PIEN,10.16
36.8,191.2,POTR,17.018
164,191.2,POTR,15.748
197,191.2,PSME,12.7
12.4,191.3,PIFL2,1.27
14,191.3,POTR,13.462
33.5,191.3,PIEN,2.032
73.5,191.3,PIEN,6.35
128.5,191.3,PSME,1.524
163.8,191.3,POTR,21.336
126.7,191.4,PIEN,8.636
78.9,191.5,POTR,13.462
125.2,191.5,PIEN,20.32
140.9,191.5,PIEN,1.524
146.5,191.5,PIPO,3.556
147.1,191.5,PIPO,37.592
173.3,191.5,PIPO,18.288
125.6,191.6,PIPO,41.91
30.2,191.7,PIPU,29.21
78.2,191.7,PIEN,9.144
46.2,191.8,PIEN,26.162
133.3,191.8,PIEN,2.032
141.5,191.8,PSME,17.526
175.7,191.8,PIPU,3.048
30.2,192,PIPO,43.18
61.6,192,POTR,15.494
121,192.1,PIEN,5.588
128.7,192.1,PIEN,14.224
133.1,192.1,POTR,10.16
176.4,192.1,PSME,3.81
52.8,192.3,PIPU,20.32
119.8,192.3,POTR,5.842
192.4,192.3,PSME,1.778
43.5,192.5,PSME,14.224
59.6,192.6,PSME,16.764
130.2,192.6,PIEN,30.734
65.8,192.7,PIEN,1.016
131.7,192.7,POTR,19.812
179.8,192.7,PIFL2,9.144
51.5,192.8,PIEN,17.526
60.6,192.8,PIEN,5.08
86.2,192.8,PIEN,18.288
169.2,192.8,PIEN,33.782
95.4,192.9,PIPO,52.324
149.9,192.9,POTR,11.43
198.2,192.9,PIEN,1.016
18.9,193,PIEN,42.672
55.8,193,PIEN,9.652
90.4,193,POTR,19.558
130.8,193,PIEN,46.99
134.8,193,PIEN,24.13
147.9,193,PIPO,7.112
151.6,193,PIEN,18.288
194.8,193,PIPO,48.514
42.5,193.1,PSME,2.286
98.5,193.1,PIEN,24.13
124.7,193.1,PSME,11.938
135.9,193.1,POTR,10.922
94.2,193.2,PIPO,16.002
159.9,193.6,PIFL2,14.732
141.7,193.7,PSME,6.096
20,193.8,POTR,13.462
46.7,193.8,PIEN,26.924
61.1,193.8,PSME,26.416
142.1,193.8,PIPU,6.35
30.5,193.9,PIEN,11.938
63.8,194,PSME,25.146
6.3,194.1,PIEN,20.066
47,194.1,PIEN,7.112
141.2,194.1,POTR,16.256
146.5,194.1,PSME,21.082
69,194.2,POTR,7.366
94.2,194.2,PIEN,12.954
131.5,194.2,PIEN,5.08
158.1,194.2,POTR,16.256
136.7,194.3,PIEN,13.716
153.2,194.3,PSME,9.144
195.4,194.3,PIEN,1.524
27.5,194.4,PIPU,2.54
30.8,194.4,PIEN,14.224
61.1,194.5,PSME,32.258
66.9,194.5,PIEN,2.54
125.6,194.6,PIPU,16.764
160,194.6,PIEN,2.794
76.1,194.7,PSME,31.75
155.4,194.7,PIEN,21.082
151.7,194.8,PSME,12.954
112.6,194.9,POTR,30.988
186.2,194.9,PIEN,3.81
78.1,195,POTR,14.478
101,195,POTR,15.494
143.2,195,POTR,9.906
31.2,195.1,PIEN,11.176
67.5,195.1,PIEN,2.54
77.9,195.1,PIEN,13.716
30.7,195.2,PIEN,6.35
164.1,195.2,PIEN,12.954
8.8,195.3,POTR,11.938
103.2,195.3,PIEN,5.08
177.8,195.3,PIPU,14.732
170.5,195.6,PIPO,7.366
22,195.7,PIPO,51.054
32.2,195.7,POTR,9.906
67.1,195.7,PSME,7.62
172.1,195.7,POTR,12.954
16.3,195.8,PIPU,23.622
160.4,195.8,POTR,16.51
18.5,196,PSME,33.02
109.4,196,POTR,11.43
179.4,196,PIPO,49.276
198.1,196,PIEN,1.016
44.5,196.1,POTR,13.208
158.2,196.1,PIPO,12.446
172.4,196.1,PSME,14.478
148.1,196.2,PIPU,8.382
196.2,196.5,PIEN,16.256
43.7,196.6,POTR,12.192
62.8,196.6,PIPO,38.608
52.5,196.7,PSME,31.242
50,196.9,PIPO,18.796
92.6,196.9,PIEN,6.604
125.3,197,PIEN,9.398
140.1,197,PIEN,7.874
48.9,197.1,POTR,8.89
61.3,197.1,PSME,25.654
79.2,197.2,PSME,14.224
106.8,197.2,PIEN,4.064
155.5,197.2,PIEN,17.526
160.2,197.3,PIPO,25.908
23.2,197.4,PIEN,13.208
55.7,197.4,PIPO,28.702
173.2,197.5,POTR,17.272
95.8,197.6,POTR,26.67
189.4,197.6,POTR,9.906
75.7,197.7,PIEN,11.938
181.8,197.7,POTR,16.764
139.1,197.9,PIEN,16.51
154.1,197.9,PIPU,2.794
190.4,197.9,PSME,15.24
29.7,198,PIEN,27.178
41.2,198,POTR,7.62
64.8,198.1,PIFL2,24.13
93.3,198.1,PIEN,10.16
197.8,198.1,PIEN,2.54
38.3,198.2,PIEN,8.128
61.4,198.2,PIEN,9.906
85.8,198.2,PIEN,12.7
100.3,198.2,POTR,9.906
68.9,198.3,PIEN,2.286
78.8,198.3,PIPO,18.542
117.7,198.3,PIPU,29.718
166.5,198.3,PIEN,6.35
176.5,198.3,POTR,10.414
129.9,198.4,PIEN,12.192
199.4,198.4,PIPO,38.1
182.8,198.5,PIEN,7.62
90.1,198.7,PIPO,47.752
129.3,198.7,PIPU,14.224
174.7,198.7,PIEN,24.384
41.6,198.8,PSME,26.67
169.5,198.8,PIPU,3.302
114.7,199,PIPU,22.86
75.8,199.1,POTR,10.922
196,199.2,PIEN,10.16
70.1,199.3,PIPU,5.334
107.1,199.3,PIPO,10.414
138.5,199.4,PIPO,35.306
184.3,199.4,PIEN,2.032
116.5,199.5,PIPO,19.558
183.4,199.5,PSME,18.542
22.1,199.6,POTR,10.414
69.5,199.6,PIPU,31.496
100.5,199.6,PIEN,10.922
143,199.6,POTR,6.35
79.6,199.8,PIEN,28.702
