"X","Y","Species","DBH_cm","ba_m2","grp_id","grp_size","grp_nm","tree_id","weight"
79.8,3.5,"PSME",38.608,0.117069695970686,"a0114",1,"single",7,345.687509145987
186.4,4.7,"PSME",24.892,0.0486641862925237,"c0053",7,"5-9 trees",10,171.275667090396
161.6,5.1,"PSME",60.96,0.291863507960159,"a0093",1,"single",12,717.913191263035
185.7,5.2,"POTR",11.176,0.00980985679532756,"c0053",7,"5-9 trees",15,47.5617941542204
175.2,6.6,"PIPO",2.794,0.000613116049707972,"b0162",4,"2-4 trees",21,5.17561833654136
186.5,7.7,"POTR",11.176,0.00980985679532756,"c0053",7,"5-9 trees",30,47.5617941542204
184.8,8,"PIEN",40.894,0.131343645656862,"c0053",7,"5-9 trees",32,379.014083807285
189.9,8.6,"PIPU",5.842,0.00268048256442576,"c0053",7,"5-9 trees",35,16.8460654712927
174.1,9.7,"PIEN",14.478,0.0164629259958777,"b0162",4,"2-4 trees",40,71.9670524479585
70.4,10.5,"PIEN",47.244,0.17530051946857,"c0068",8,"5-9 trees",42,477.479419658041
158.5,10.5,"POTR",9.652,0.00731685599816787,"c0059",8,"5-9 trees",43,37.6173069764342
109,10.7,"PSME",11.684,0.0107219302577031,"c0035",6,"5-9 trees",45,51.0677210307142
159.1,11.2,"POTR",18.796,0.027747301555379,"c0059",8,"5-9 trees",48,109.270944796459
111.7,11.3,"POTR",11.684,0.0107219302577031,"c0035",6,"5-9 trees",51,51.0677210307142
50.6,11.5,"PSME",11.176,0.00980985679532756,"a0160",1,"single",54,47.5617941542204
60.7,12,"PIPO",19.05,0.0285022956992343,"d0019",14,"10-15 trees",61,111.643120811234
162.7,12,"PIPO",40.132,0.126494455081899,"c0059",8,"5-9 trees",62,367.777609580717
186.1,12,"POTR",10.668,0.00893831993127986,"c0053",7,"5-9 trees",63,44.15021382169
73.2,12.2,"PIEN",1.016,8.10731966555997e-05,"c0068",8,"5-9 trees",65,1.02572261931283
72.6,12.4,"PIEN",14.224,0.0158903465444975,"c0068",8,"5-9 trees",69,69.9575819362394
105.8,12.4,"PIEN",13.462,0.0142334130878487,"c0035",6,"5-9 trees",70,64.0582895158179
63.2,12.6,"PIPU",17.78,0.0248286664757774,"d0019",14,"10-15 trees",72,99.9748613751942
69.2,12.8,"POTR",21.082,0.0349070782350266,"c0068",8,"5-9 trees",75,131.298236918595
188.2,12.9,"PIFL2",10.414,0.00851775272362894,"c0053",7,"5-9 trees",76,42.4803530379405
30.2,13.1,"PIEN",20.828,0.0340710108945157,"b0145",2,"2-4 trees",79,128.776349701634
59.9,13.1,"PIEN",12.7,0.0126676869774374,"d0019",14,"10-15 trees",80,58.3560588423466
108.1,13.5,"PIPO",24.384,0.0466981612736254,"c0035",6,"5-9 trees",81,165.717326957557
163.3,13.5,"PIEN",11.684,0.0107219302577031,"c0059",8,"5-9 trees",83,51.0677210307142
42,13.6,"PIPO",6.858,0.00369389752262076,"b0167",4,"2-4 trees",84,21.7728845249142
30.2,13.8,"POTR",24.892,0.0486641862925237,"b0145",2,"2-4 trees",85,171.275667090396
43.8,13.8,"PIEN",3.048,0.000729658769900397,"b0167",4,"2-4 trees",86,5.94872565220784
74.3,13.9,"PIPU",8.382,0.00551804444737175,"c0068",8,"5-9 trees",89,30.0162373188641
57.2,14,"PIEN",10.16,0.00810731966555996,"d0019",14,"10-15 trees",92,40.8347529747354
63,14.1,"PIEN",23.114,0.0419604463440638,"d0019",14,"10-15 trees",93,152.124853956649
163.8,14.1,"PIEN",8.382,0.00551804444737175,"c0059",8,"5-9 trees",94,30.0162373188641
177.8,14.2,"PIPO",8.128,0.00518868458595838,"b0162",4,"2-4 trees",97,28.5741889289076
70.3,14.4,"PIEN",3.302,0.000856335639674771,"c0068",8,"5-9 trees",99,6.76150401542223
76.2,14.4,"PIEN",3.302,0.000856335639674771,"c0068",8,"5-9 trees",100,6.76150401542223
175.7,14.6,"PIEN",16.002,0.0201112198453797,"b0162",4,"2-4 trees",106,84.4653966240764
56.3,14.8,"PIPU",6.858,0.00369389752262076,"d0019",14,"10-15 trees",108,21.7728845249142
198.4,14.9,"PIPO",28.702,0.0647014780059595,"b0166",4,"2-4 trees",111,215.109433315022
56.3,15,"PIPO",14.986,0.0176384873473839,"d0019",14,"10-15 trees",112,76.0496404670287
63,15.1,"PIPO",5.08,0.00202682991638999,"d0019",14,"10-15 trees",114,13.4704448961551
109.7,15.1,"POTR",16.51,0.0214083909918693,"c0035",6,"5-9 trees",116,88.7963914804711
59.8,15.2,"PIPO",43.18,0.146438461459177,"d0019",14,"10-15 trees",118,413.477822801311
196.3,15.5,"PIFL2",6.096,0.00291863507960159,"b0166",4,"2-4 trees",125,18.0331640413536
125.8,15.6,"PIPU",12.954,0.0131794615313259,"a0201",1,"single",126,60.2346274174601
70.6,15.8,"PIFL2",1.524,0.000182414692475099,"c0068",8,"5-9 trees",128,1.96234763927647
163.6,15.8,"POTR",26.416,0.0548054809391854,"c0059",8,"5-9 trees",129,188.359396139355
108.6,16,"PIEN",16.256,0.0207547383438335,"c0035",6,"5-9 trees",132,86.6207430682866
164,16.1,"POTR",10.668,0.00893831993127986,"c0059",8,"5-9 trees",134,44.15021382169
35.5,16.9,"PSME",15.24,0.0182414692475099,"b0110",3,"2-4 trees",149,78.1224666314692
163.5,17.2,"PIEN",13.97,0.0153279012426993,"c0059",8,"5-9 trees",154,67.9695273295393
198,17.3,"PIPO",30.226,0.0717548461149966,"b0166",4,"2-4 trees",156,233.673296227583
63.8,17.4,"POTR",11.938,0.0111931682132637,"d0019",14,"10-15 trees",158,52.8555406234571
43.5,17.5,"PIEN",40.894,0.131343645656862,"b0167",4,"2-4 trees",161,379.014083807285
36.8,17.6,"PIPO",19.558,0.0300426864356906,"b0110",3,"2-4 trees",162,116.444533906343
57.8,17.6,"POTR",20.828,0.0340710108945157,"d0019",14,"10-15 trees",163,128.776349701634
155.9,17.6,"PSME",6.858,0.00369389752262076,"d0020",14,"10-15 trees",165,21.7728845249142
64.1,17.7,"PIEN",14.224,0.0158903465444975,"d0019",14,"10-15 trees",166,69.9575819362394
62.7,17.9,"PSME",13.716,0.014775590090483,"d0019",14,"10-15 trees",169,66.0030435502607
148.9,17.9,"PIEN",1.778,0.000248286664757774,"d0020",14,"10-15 trees",171,2.51125497780401
148.9,18,"PIEN",3.048,0.000729658769900397,"d0020",14,"10-15 trees",175,5.94872565220784
99.4,18.1,"PSME",33.528,0.088288711157948,"a0179",1,"single",177,275.836819451038
43.7,18.3,"PSME",33.528,0.088288711157948,"b0167",4,"2-4 trees",183,275.836819451038
198.3,18.8,"POTR",14.732,0.0170456395968398,"b0166",4,"2-4 trees",197,73.9977877681652
35.7,18.9,"PIEN",11.176,0.00980985679532756,"b0110",3,"2-4 trees",198,47.5617941542204
171,19,"PIEN",12.954,0.0131794615313259,"c0034",9,"5-9 trees",204,60.2346274174601
150.2,19.1,"PIPO",21.844,0.0374760851540509,"d0020",14,"10-15 trees",207,138.973331479546
146.2,19.3,"PIFL2",11.176,0.00980985679532756,"d0020",14,"10-15 trees",212,47.5617941542204
149.3,19.5,"POTR",11.43,0.0102608264517243,"d0020",14,"10-15 trees",215,49.3030706693208
62.6,20.2,"PIEN",3.556,0.000993146659031096,"d0019",14,"10-15 trees",229,7.61270154517849
135.6,20.3,"PSME",24.13,0.0457303499885492,"b0111",3,"2-4 trees",231,162.964014650622
149.3,20.6,"PIPU",2.794,0.000613116049707972,"d0020",14,"10-15 trees",238,5.17561833654136
168.1,21.1,"POTR",17.018,0.0227460987366867,"c0034",9,"5-9 trees",252,93.2080947894287
148,21.2,"POTR",30.48,0.0729658769900397,"d0020",14,"10-15 trees",256,236.823033779947
120.3,21.4,"PIEN",2.286,0.000410433058068973,"b0109",2,"2-4 trees",263,3.75423938681759
153.7,21.4,"PIPU",19.558,0.0300426864356906,"d0020",14,"10-15 trees",265,116.444533906343
171.6,21.4,"PIEN",5.842,0.00268048256442576,"c0034",9,"5-9 trees",266,16.8460654712927
173.6,21.4,"PIEN",1.778,0.000248286664757774,"c0034",9,"5-9 trees",267,2.51125497780401
146.7,21.5,"PSME",34.544,0.0937206153338732,"d0020",14,"10-15 trees",269,289.331820715259
137.1,21.6,"PIEN",2.032,0.000324292786622399,"b0111",3,"2-4 trees",270,3.1094095334738
146.6,21.6,"PIEN",29.21,0.0670120641106441,"d0020",14,"10-15 trees",271,221.233296775782
113.3,21.9,"PSME",14.224,0.0158903465444975,"c0041",8,"5-9 trees",282,69.9575819362394
151.4,22.3,"PSME",21.59,0.0366096153647942,"d0020",14,"10-15 trees",290,136.396814528871
22.8,22.4,"PIEN",6.35,0.00316692174435936,"c0042",8,"5-9 trees",291,19.2503203210012
136.4,22.5,"PIPU",3.556,0.000993146659031096,"b0111",3,"2-4 trees",294,7.61270154517849
28.3,22.6,"PIPO",19.558,0.0300426864356906,"c0042",8,"5-9 trees",295,116.444533906343
171.8,22.6,"PSME",16.764,0.022072177789487,"c0034",9,"5-9 trees",297,90.9922163370198
119.3,22.8,"PSME",20.828,0.0340710108945157,"b0109",2,"2-4 trees",299,128.776349701634
110,22.9,"PSME",43.942,0.15165248141909,"c0041",8,"5-9 trees",303,425.214153267096
173.7,22.9,"PIPU",2.286,0.000410433058068973,"c0034",9,"5-9 trees",306,3.75423938681759
173.1,23.1,"PSME",25.654,0.0516892299427357,"c0034",9,"5-9 trees",311,179.741410169007
153.3,23.3,"PIFL2",2.286,0.000410433058068973,"d0020",14,"10-15 trees",314,3.75423938681759
112.1,24,"PIPU",15.748,0.0194778354965078,"c0041",8,"5-9 trees",327,82.3304804480007
149.8,24.1,"PIEN",8.636,0.00585753845836707,"d0020",14,"10-15 trees",331,31.4847474378953
184.8,24.1,"PIPU",1.778,0.000248286664757774,"b0083",4,"2-4 trees",332,2.51125497780401
56.7,24.5,"PIPO",23.622,0.0438251298671426,"a0205",1,"single",339,157.509467867509
25.5,24.6,"PIEN",25.908,0.0527178461253037,"c0042",8,"5-9 trees",342,182.597245308451
110.2,24.7,"PIEN",4.318,0.00146438461459177,"c0041",8,"5-9 trees",343,10.3860933282474
197.3,24.8,"PIEN",20.828,0.0340710108945157,"c0040",5,"5-9 trees",348,128.776349701634
111.8,24.9,"POTR",19.812,0.0308280830282918,"c0041",8,"5-9 trees",349,118.873571451574
28.1,25,"PIEN",13.208,0.0137013702347963,"c0042",8,"5-9 trees",351,62.1354283185709
38.4,26,"PIEN",2.286,0.000410433058068973,"b0126",4,"2-4 trees",373,3.75423938681759
170.6,26.4,"POTR",7.62,0.00456036731187748,"c0034",9,"5-9 trees",385,25.7708031823288
111.3,26.5,"PIEN",14.478,0.0164629259958777,"c0041",8,"5-9 trees",387,71.9670524479585
185.2,26.8,"PSME",43.18,0.146438461459177,"b0083",4,"2-4 trees",392,413.477822801311
41.9,26.9,"PIEN",10.16,0.00810731966555996,"b0126",4,"2-4 trees",394,40.8347529747354
25.1,27.3,"POTR",12.192,0.0116745403184063,"c0042",8,"5-9 trees",403,54.6663309681585
23.6,27.4,"POTR",10.16,0.00810731966555996,"c0042",8,"5-9 trees",406,40.8347529747354
26.9,27.4,"PIPO",28.194,0.0624314284996027,"c0042",8,"5-9 trees",407,209.050260299898
65.7,27.5,"PIPO",44.958,0.158746386126455,"b0105",4,"2-4 trees",410,441.053398423128
107.3,27.7,"POTR",13.97,0.0153279012426993,"c0041",8,"5-9 trees",414,67.9695273295393
197.2,27.7,"PIPO",30.48,0.0729658769900397,"c0040",5,"5-9 trees",415,236.823033779947
23.4,27.8,"PIEN",14.478,0.0164629259958777,"c0042",8,"5-9 trees",416,71.9670524479585
173.3,28,"POTR",12.192,0.0116745403184063,"c0034",9,"5-9 trees",420,54.6663309681585
199.7,28,"POTR",9.398,0.00693682538884474,"c0040",5,"5-9 trees",422,36.045969019139
64.7,28.1,"PIEN",12.954,0.0131794615313259,"b0105",4,"2-4 trees",423,60.2346274174601
107.4,28.3,"PIEN",20.32,0.0324292786622399,"c0041",8,"5-9 trees",433,123.787823146332
88.7,28.5,"PIPO",31.75,0.079173043608984,"b0148",3,"2-4 trees",436,252.807507833943
187.8,28.5,"POTR",10.16,0.00810731966555996,"b0083",4,"2-4 trees",440,40.8347529747354
88.3,28.7,"PIEN",7.874,0.00486945887412695,"b0148",3,"2-4 trees",442,27.1589300622175
46.6,28.8,"POTR",10.414,0.00851775272362894,"b0126",4,"2-4 trees",448,42.4803530379405
66,29,"POTR",13.716,0.014775590090483,"b0105",4,"2-4 trees",453,66.0030435502607
44.7,29.1,"POTR",13.97,0.0153279012426993,"b0126",4,"2-4 trees",458,67.9695273295393
10.3,29.2,"PIPO",29.464,0.0681825583873593,"b0089",2,"2-4 trees",461,224.319345610657
185.9,29.4,"PSME",22.606,0.0401362994193128,"b0083",4,"2-4 trees",468,146.810783773453
164.9,29.5,"PIPO",34.29,0.0923474380655189,"b0081",4,"2-4 trees",472,285.935432933798
134.7,29.6,"PIEN",18.796,0.027747301555379,"b0171",3,"2-4 trees",476,109.270944796459
134.8,29.6,"PIPO",21.844,0.0374760851540509,"b0171",3,"2-4 trees",477,138.973331479546
197.5,29.7,"PIEN",26.67,0.0558644995704991,"c0040",5,"5-9 trees",480,191.265581466885
135.7,30,"PIEN",3.048,0.000729658769900397,"b0171",3,"2-4 trees",488,5.94872565220784
197.1,30.3,"PSME",10.16,0.00810731966555996,"c0040",5,"5-9 trees",497,40.8347529747354
64.7,30.5,"POTR",16.51,0.0214083909918693,"b0105",4,"2-4 trees",502,88.7963914804711
89.7,30.5,"POTR",7.112,0.00397258663612438,"b0148",3,"2-4 trees",503,23.0773956958527
7.9,30.8,"PSME",28.956,0.0658517039835108,"b0089",2,"2-4 trees",509,218.163307276587
163.1,31.4,"PSME",21.336,0.0357532797251194,"b0081",4,"2-4 trees",520,133.838421009024
148.5,32,"PSME",20.32,0.0324292786622399,"c0064",7,"5-9 trees",538,123.787823146332
150.9,32.8,"PSME",31.242,0.0766597745126604,"c0064",7,"5-9 trees",560,246.366767265927
163.7,32.9,"PIEN",8.89,0.00620716661894435,"b0081",4,"2-4 trees",563,32.9794051157481
82,33.1,"PIPU",3.81,0.00114009182796937,"c0024",8,"5-9 trees",568,8.50119466651352
82.7,33.2,"POTR",12.192,0.0116745403184063,"c0024",8,"5-9 trees",571,54.6663309681585
164.9,33.2,"PIEN",3.302,0.000856335639674771,"b0081",4,"2-4 trees",573,6.76150401542223
79.3,33.3,"PIFL2",4.826,0.00182921399954197,"c0024",8,"5-9 trees",577,12.4090835343443
148.3,33.5,"PIPO",34.798,0.0951039267518094,"c0064",7,"5-9 trees",584,292.743225757139
82.3,33.6,"PIPO",35.306,0.0979009520364275,"c0024",8,"5-9 trees",585,299.610912297119
54.7,33.7,"PIPO",37.846,0.112494127434435,"d0018",13,"10-15 trees",587,334.835869633147
82.1,33.8,"POTR",6.35,0.00316692174435936,"c0024",8,"5-9 trees",590,19.2503203210012
56.7,34.1,"POTR",9.398,0.00693682538884474,"d0018",13,"10-15 trees",600,36.045969019139
84.9,34.4,"PSME",29.21,0.0670120641106441,"c0024",8,"5-9 trees",606,221.233296775782
27,34.5,"PSME",6.604,0.00342534255869908,"b0123",4,"2-4 trees",608,20.4970473014041
31.4,34.5,"POTR",8.636,0.00585753845836707,"b0123",4,"2-4 trees",609,31.4847474378953
147.4,34.7,"PIEN",2.794,0.000613116049707972,"c0064",7,"5-9 trees",615,5.17561833654136
26.1,35,"PIEN",4.826,0.00182921399954197,"b0123",4,"2-4 trees",617,12.4090835343443
53,35,"PIPU",21.59,0.0366096153647942,"d0018",13,"10-15 trees",618,136.396814528871
53.4,35.1,"PSME",10.414,0.00851775272362894,"d0018",13,"10-15 trees",623,42.4803530379405
56.4,35.3,"POTR",17.018,0.0227460987366867,"d0018",13,"10-15 trees",629,93.2080947894287
29.5,35.4,"POTR",29.21,0.0670120641106441,"b0123",4,"2-4 trees",633,221.233296775782
83.1,35.5,"PSME",24.638,0.0476761067082836,"c0024",8,"5-9 trees",641,168.487901573462
51.7,35.6,"PIEN",9.652,0.00731685599816787,"d0018",13,"10-15 trees",645,37.6173069764342
177.7,35.7,"PIPU",26.924,0.0569336523513948,"b0099",2,"2-4 trees",647,194.188421282889
82.4,36.1,"PIEN",19.558,0.0300426864356906,"c0024",8,"5-9 trees",658,116.444533906343
179.7,36.4,"POTR",20.066,0.0316236137704748,"b0099",2,"2-4 trees",666,121.321366311725
56,36.8,"PSME",20.32,0.0324292786622399,"d0018",13,"10-15 trees",673,123.787823146332
171.7,37.1,"PIEN",17.018,0.0227460987366867,"a0203",1,"single",681,93.2080947894287
72.2,37.3,"POTR",19.812,0.0308280830282918,"c0058",9,"5-9 trees",684,118.873571451574
130.9,37.3,"PIPO",25.654,0.0516892299427357,"c0056",9,"5-9 trees",685,179.741410169007
148.9,37.3,"PIFL2",13.97,0.0153279012426993,"c0064",7,"5-9 trees",686,67.9695273295393
51.7,37.4,"PIEN",11.938,0.0111931682132637,"d0018",13,"10-15 trees",689,52.8555406234571
53.8,37.5,"PSME",47.752,0.17909069141222,"d0018",13,"10-15 trees",690,485.720580533153
159.4,37.5,"PIPO",14.478,0.0164629259958777,"b0168",2,"2-4 trees",694,71.9670524479585
144.8,37.6,"PIEN",25.654,0.0516892299427357,"c0064",7,"5-9 trees",698,179.741410169007
72.7,38.1,"PIPO",25.4,0.0506707479097498,"c0058",9,"5-9 trees",704,176.902490287201
197.2,38.1,"PIPO",18.796,0.027747301555379,"a0183",1,"single",707,109.270944796459
129.1,38.2,"POTR",11.43,0.0102608264517243,"c0056",9,"5-9 trees",708,49.3030706693208
159.6,38.2,"PIEN",14.732,0.0170456395968398,"b0168",2,"2-4 trees",709,73.9977877681652
54.3,38.3,"PIEN",29.464,0.0681825583873593,"d0018",13,"10-15 trees",711,224.319345610657
54.2,38.7,"PIEN",11.684,0.0107219302577031,"d0018",13,"10-15 trees",717,51.0677210307142
146.5,38.7,"PIEN",10.922,0.00936902128851274,"c0064",7,"5-9 trees",718,45.8441025684311
131.1,38.9,"PSME",10.668,0.00893831993127986,"c0056",9,"5-9 trees",722,44.15021382169
133.7,38.9,"PIPO",40.386,0.128100717790638,"c0056",9,"5-9 trees",723,371.509005363059
50.2,39,"PIEN",1.016,8.10731966555997e-05,"d0018",13,"10-15 trees",724,1.02572261931283
13,39.3,"PIEN",13.462,0.0142334130878487,"b0128",4,"2-4 trees",733,64.0582895158179
17.8,39.3,"PIPO",52.832,0.219221923756741,"b0128",4,"2-4 trees",734,570.998914372629
132.3,39.3,"PIEN",11.176,0.00980985679532756,"c0056",9,"5-9 trees",735,47.5617941542204
190.4,39.4,"PIEN",8.128,0.00518868458595838,"b0155",3,"2-4 trees",741,28.5741889289076
37,39.5,"PIPO",9.906,0.00770702075707294,"c0045",6,"5-9 trees",742,39.2136544780448
72.6,39.6,"PIEN",7.366,0.00426140989920996,"c0058",9,"5-9 trees",745,24.4101665849469
123.2,39.6,"PSME",1.016,8.10731966555997e-05,"b0176",3,"2-4 trees",746,1.02572261931283
188,39.6,"PIPO",3.048,0.000729658769900397,"b0155",3,"2-4 trees",747,5.94872565220784
130.9,39.9,"PIPU",2.794,0.000613116049707972,"c0056",9,"5-9 trees",758,5.17561833654136
189.2,40,"PSME",28.702,0.0647014780059595,"b0155",3,"2-4 trees",761,215.109433315022
65.8,40.2,"PIPO",16.51,0.0214083909918693,"c0058",9,"5-9 trees",762,88.7963914804711
35.6,40.3,"PSME",29.464,0.0681825583873593,"c0045",6,"5-9 trees",763,224.319345610657
54.2,40.4,"PIEN",9.398,0.00693682538884474,"d0018",13,"10-15 trees",766,36.045969019139
68.6,40.5,"PIPO",13.716,0.014775590090483,"c0058",9,"5-9 trees",771,66.0030435502607
15.4,40.7,"POTR",28.956,0.0658517039835108,"b0128",4,"2-4 trees",775,218.163307276587
134.2,40.7,"PIEN",11.176,0.00980985679532756,"c0056",9,"5-9 trees",780,47.5617941542204
37.9,40.8,"PIPO",24.638,0.0476761067082836,"c0045",6,"5-9 trees",781,168.487901573462
108.1,40.9,"PSME",1.524,0.000182414692475099,"d0013",11,"10-15 trees",785,1.96234763927647
38.9,41,"POTR",14.986,0.0176384873473839,"c0045",6,"5-9 trees",787,76.0496404670287
113,41.1,"PIPU",24.13,0.0457303499885492,"d0013",11,"10-15 trees",792,162.964014650622
66,41.2,"PIEN",1.524,0.000182414692475099,"c0058",9,"5-9 trees",796,1.96234763927647
109.2,41.2,"PSME",14.732,0.0170456395968398,"d0013",11,"10-15 trees",797,73.9977877681652
69.3,41.3,"PIEN",18.288,0.0262677157164143,"c0058",9,"5-9 trees",801,104.584166814162
116.1,41.4,"POTR",10.922,0.00936902128851274,"d0013",11,"10-15 trees",803,45.8441025684311
130.5,41.4,"POTR",30.48,0.0729658769900397,"c0056",9,"5-9 trees",804,236.823033779947
133.2,41.4,"PIEN",1.016,8.10731966555997e-05,"c0056",9,"5-9 trees",805,1.02572261931283
123.9,41.6,"PIPU",4.572,0.00164173223227589,"b0176",3,"2-4 trees",808,11.3807256664905
123,41.8,"POTR",17.78,0.0248286664757774,"b0176",3,"2-4 trees",815,99.9748613751942
14.7,42.6,"PIEN",1.27,0.000126676869774374,"b0128",4,"2-4 trees",830,1.46583792402465
35.6,42.8,"PIPU",4.826,0.00182921399954197,"c0045",6,"5-9 trees",838,12.4090835343443
39,43,"PIPU",4.826,0.00182921399954197,"c0045",6,"5-9 trees",844,12.4090835343443
65,43,"PIPO",6.096,0.00291863507960159,"c0058",9,"5-9 trees",845,18.0331640413536
110,43.1,"PIEN",15.494,0.0188545852972179,"d0013",11,"10-15 trees",849,80.2161257237514
25.4,43.4,"PSME",7.62,0.00456036731187748,"d0010",13,"10-15 trees",856,25.7708031823288
110.5,43.5,"PIPU",5.842,0.00268048256442576,"d0013",11,"10-15 trees",858,16.8460654712927
69.1,43.6,"POTR",12.7,0.0126676869774374,"c0058",9,"5-9 trees",860,58.3560588423466
111.5,43.9,"PIEN",7.62,0.00456036731187748,"d0013",11,"10-15 trees",866,25.7708031823288
177.4,44.7,"PIEN",19.558,0.0300426864356906,"b0104",2,"2-4 trees",885,116.444533906343
29.1,44.9,"PIPU",4.572,0.00164173223227589,"d0010",13,"10-15 trees",887,11.3807256664905
155.1,45,"PSME",37.592,0.110989206221516,"a0200",1,"single",890,331.247562532473
179.2,45.3,"PSME",20.32,0.0324292786622399,"b0104",2,"2-4 trees",899,123.787823146332
167.4,45.7,"PIEN",19.304,0.0292674239926715,"a0193",1,"single",905,114.034350743377
27.2,46.3,"PIPO",37.338,0.109494419158178,"d0010",13,"10-15 trees",919,327.673773252175
114.6,46.3,"PSME",36.83,0.106535247480249,"d0013",11,"10-15 trees",921,320.569906227454
107.1,46.7,"PIEN",4.572,0.00164173223227589,"d0013",11,"10-15 trees",936,11.3807256664905
20.6,46.8,"POTR",28.702,0.0647014780059595,"d0010",13,"10-15 trees",938,215.109433315022
129.1,47.4,"PSME",24.13,0.0457303499885492,"a0189",1,"single",955,162.964014650622
11.5,47.8,"PSME",21.082,0.0349070782350266,"c0048",8,"5-9 trees",962,131.298236918595
96.7,47.8,"POTR",12.954,0.0131794615313259,"b0122",2,"2-4 trees",965,60.2346274174601
108.8,47.9,"PIEN",25.4,0.0506707479097498,"d0013",11,"10-15 trees",968,176.902490287201
25.6,48.4,"PSME",22.86,0.0410433058068973,"d0010",13,"10-15 trees",973,149.458961986645
14.9,48.8,"PIEN",28.702,0.0647014780059595,"c0048",8,"5-9 trees",982,215.109433315022
109.4,48.9,"PIEN",9.652,0.00731685599816787,"d0013",11,"10-15 trees",983,37.6173069764342
22.2,49,"PIEN",2.54,0.000506707479097498,"d0010",13,"10-15 trees",986,4.44358965052675
98.6,49.4,"PIPO",26.924,0.0569336523513948,"b0122",2,"2-4 trees",990,194.188421282889
12.5,50.3,"PIPO",3.302,0.000856335639674771,"c0048",8,"5-9 trees",1005,6.76150401542223
39.2,50.6,"PIEN",21.336,0.0357532797251194,"b0120",4,"2-4 trees",1015,133.838421009024
59.6,50.7,"PIEN",1.27,0.000126676869774374,"b0084",3,"2-4 trees",1017,1.46583792402465
30.9,51,"PIEN",1.27,0.000126676869774374,"d0010",13,"10-15 trees",1024,1.46583792402465
11.7,51.1,"PIEN",6.604,0.00342534255869908,"c0048",8,"5-9 trees",1027,20.4970473014041
21.1,51.2,"PIFL2",2.794,0.000613116049707972,"d0010",13,"10-15 trees",1033,5.17561833654136
172.1,51.2,"PIFL2",16.764,0.022072177789487,"b0112",2,"2-4 trees",1034,90.9922163370198
190.7,51.2,"PSME",14.478,0.0164629259958777,"a0184",1,"single",1035,71.9670524479585
169.9,51.3,"POTR",6.604,0.00342534255869908,"b0112",2,"2-4 trees",1039,20.4970473014041
27.8,51.6,"POTR",16.51,0.0214083909918693,"d0010",13,"10-15 trees",1047,88.7963914804711
63.1,51.6,"PSME",30.48,0.0729658769900397,"b0084",3,"2-4 trees",1048,236.823033779947
61.6,52,"PIEN",6.604,0.00342534255869908,"b0084",3,"2-4 trees",1059,20.4970473014041
21.2,52.3,"PIEN",1.016,8.10731966555997e-05,"d0010",13,"10-15 trees",1066,1.02572261931283
180.9,52.3,"POTR",8.89,0.00620716661894435,"b0124",2,"2-4 trees",1069,32.9794051157481
22,52.6,"PIEN",3.81,0.00114009182796937,"d0010",13,"10-15 trees",1074,8.50119466651352
182.5,52.8,"PIEN",9.652,0.00731685599816787,"b0124",2,"2-4 trees",1083,37.6173069764342
22.1,53.1,"POTR",14.732,0.0170456395968398,"d0010",13,"10-15 trees",1089,73.9977877681652
26,53.3,"PIPU",6.604,0.00342534255869908,"d0010",13,"10-15 trees",1095,20.4970473014041
37.4,54.5,"PSME",11.938,0.0111931682132637,"b0120",4,"2-4 trees",1112,52.8555406234571
37.3,54.6,"PIEN",16.002,0.0201112198453797,"b0120",4,"2-4 trees",1116,84.4653966240764
9.4,55.1,"PIEN",7.62,0.00456036731187748,"c0048",8,"5-9 trees",1129,25.7708031823288
147.4,55.1,"POTR",10.668,0.00893831993127986,"c0057",5,"5-9 trees",1131,44.15021382169
125.8,55.3,"PIPO",13.462,0.0142334130878487,"d0015",11,"10-15 trees",1134,64.0582895158179
197.4,55.6,"POTR",10.16,0.00810731966555996,"b0170",2,"2-4 trees",1140,40.8347529747354
142.5,55.9,"PIEN",13.716,0.014775590090483,"c0057",5,"5-9 trees",1144,66.0030435502607
126.2,56.2,"PIPO",2.54,0.000506707479097498,"d0015",11,"10-15 trees",1150,4.44358965052675
198.2,56.4,"POTR",16.51,0.0214083909918693,"b0170",2,"2-4 trees",1155,88.7963914804711
128.6,56.7,"PIPU",22.86,0.0410433058068973,"d0015",11,"10-15 trees",1163,149.458961986645
14.5,56.9,"PIPO",38.608,0.117069695970686,"c0048",8,"5-9 trees",1168,345.687509145987
125.4,56.9,"PIEN",10.922,0.00936902128851274,"d0015",11,"10-15 trees",1170,45.8441025684311
90.9,57,"POTR",24.13,0.0457303499885492,"b0116",3,"2-4 trees",1172,162.964014650622
15.8,57.3,"POTR",11.938,0.0111931682132637,"c0048",8,"5-9 trees",1180,52.8555406234571
68,57.4,"PIEN",32.258,0.0817268493036354,"d0021",15,"10-15 trees",1184,259.310379117382
88.9,57.5,"PIPO",22.352,0.0392394271813102,"b0116",3,"2-4 trees",1188,144.180398665019
125.8,57.7,"PIEN",1.27,0.000126676869774374,"d0015",11,"10-15 trees",1193,1.46583792402465
15.8,57.8,"PSME",22.352,0.0392394271813102,"c0048",8,"5-9 trees",1195,144.180398665019
33.8,57.8,"POTR",14.732,0.0170456395968398,"b0120",4,"2-4 trees",1196,73.9977877681652
126.9,58,"PIPO",35.56,0.0993146659031096,"d0015",11,"10-15 trees",1202,303.067107241925
144.8,58,"PIEN",23.368,0.0428877210308122,"c0057",5,"5-9 trees",1203,154.80838156037
127.8,58.1,"PIPU",41.91,0.137951111184294,"d0015",11,"10-15 trees",1205,394.192409507892
72.3,58.2,"PIFL2",14.478,0.0164629259958777,"d0021",15,"10-15 trees",1206,71.9670524479585
90.4,58.6,"PIPO",47.244,0.17530051946857,"b0116",3,"2-4 trees",1211,477.479419658041
125.1,59,"PSME",3.81,0.00114009182796937,"d0015",11,"10-15 trees",1217,8.50119466651352
57.5,59.2,"PIPO",33.02,0.0856335639674771,"c0054",5,"5-9 trees",1218,269.180323226586
118.1,59.2,"PSME",25.146,0.0496624000263458,"b0132",3,"2-4 trees",1219,174.080553123716
165.1,59.2,"PIEN",2.54,0.000506707479097498,"b0134",2,"2-4 trees",1220,4.44358965052675
71.3,59.4,"PIPO",12.7,0.0126676869774374,"d0021",15,"10-15 trees",1225,58.3560588423466
125.4,59.4,"PSME",15.748,0.0194778354965078,"d0015",11,"10-15 trees",1226,82.3304804480007
163.1,59.4,"PSME",33.274,0.0869560704879216,"b0134",2,"2-4 trees",1228,272.500949358077
125.5,59.6,"PSME",22.098,0.0383526890928896,"d0015",11,"10-15 trees",1235,141.567887267438
117.9,59.7,"PIPO",30.734,0.0741870420146647,"b0132",3,"2-4 trees",1237,239.98855958573
135.7,60.4,"PIEN",17.78,0.0248286664757774,"b0085",2,"2-4 trees",1247,99.9748613751942
142.1,60.4,"PIFL2",50.292,0.198649600105383,"c0057",5,"5-9 trees",1248,527.71355655382
146.8,60.5,"PIEN",15.494,0.0188545852972179,"c0057",5,"5-9 trees",1251,80.2161257237514
70.4,60.8,"PSME",28.448,0.0635613861779901,"d0021",15,"10-15 trees",1254,212.071731787533
115.9,61.1,"PIPU",1.27,0.000126676869774374,"b0132",3,"2-4 trees",1260,1.46583792402465
133.8,61.2,"PIPO",9.398,0.00693682538884474,"b0085",2,"2-4 trees",1263,36.045969019139
56.9,61.4,"PSME",23.114,0.0419604463440638,"c0054",5,"5-9 trees",1269,152.124853956649
73,61.7,"PIEN",4.826,0.00182921399954197,"d0021",15,"10-15 trees",1273,12.4090835343443
79,61.8,"PIEN",11.176,0.00980985679532756,"a0216",1,"single",1277,47.5617941542204
127.7,62,"PIPU",25.4,0.0506707479097498,"d0015",11,"10-15 trees",1281,176.902490287201
70.3,62.2,"PIPO",23.368,0.0428877210308122,"d0021",15,"10-15 trees",1285,154.80838156037
102.8,62.2,"POTR",6.858,0.00369389752262076,"b0094",2,"2-4 trees",1286,21.7728845249142
59.2,62.3,"PSME",3.81,0.00114009182796937,"c0054",5,"5-9 trees",1289,8.50119466651352
58.7,62.6,"PIEN",9.652,0.00731685599816787,"c0054",5,"5-9 trees",1297,37.6173069764342
101.2,62.7,"PIPO",9.144,0.00656692892910357,"b0094",2,"2-4 trees",1301,34.4999088632196
72.9,63.2,"POTR",7.112,0.00397258663612438,"d0021",15,"10-15 trees",1306,23.0773956958527
68.2,63.4,"PIEN",26.67,0.0558644995704991,"d0021",15,"10-15 trees",1311,191.265581466885
69.5,63.8,"PIEN",6.35,0.00316692174435936,"d0021",15,"10-15 trees",1322,19.2503203210012
55.8,64,"POTR",14.986,0.0176384873473839,"c0054",5,"5-9 trees",1327,76.0496404670287
69.7,64.2,"POTR",24.892,0.0486641862925237,"d0021",15,"10-15 trees",1330,171.275667090396
156.4,64.2,"POTR",12.7,0.0126676869774374,"a0217",1,"single",1333,58.3560588423466
69.4,64.6,"PSME",19.558,0.0300426864356906,"d0021",15,"10-15 trees",1342,116.444533906343
190.5,64.7,"PIPU",33.782,0.0896314859775564,"a0181",1,"single",1351,279.18788720561
178,65.2,"PIFL2",4.318,0.00146438461459177,"c0037",7,"5-9 trees",1363,10.3860933282474
164.2,65.3,"PIEN",3.302,0.000856335639674771,"b0151",4,"2-4 trees",1365,6.76150401542223
165.5,65.6,"POTR",15.24,0.0182414692475099,"b0151",4,"2-4 trees",1370,78.1224666314692
176.8,65.9,"PIPO",11.684,0.0107219302577031,"c0037",7,"5-9 trees",1375,51.0677210307142
162.6,66,"POTR",14.478,0.0164629259958777,"b0151",4,"2-4 trees",1379,71.9670524479585
163.2,66,"PIEN",10.16,0.00810731966555996,"b0151",4,"2-4 trees",1380,40.8347529747354
71.2,66.3,"PIPO",33.274,0.0869560704879216,"d0021",15,"10-15 trees",1388,272.500949358077
68.1,66.4,"PIEN",21.082,0.0349070782350266,"d0021",15,"10-15 trees",1390,131.298236918595
74.4,66.4,"PIEN",2.032,0.000324292786622399,"d0021",15,"10-15 trees",1391,3.1094095334738
179.2,67,"PIFL2",24.13,0.0457303499885492,"c0037",7,"5-9 trees",1407,162.964014650622
70.6,67.3,"PSME",20.32,0.0324292786622399,"d0021",15,"10-15 trees",1412,123.787823146332
177.3,67.3,"PIPO",40.132,0.126494455081899,"c0037",7,"5-9 trees",1413,367.777609580717
178.5,68,"PIPO",26.67,0.0558644995704991,"c0037",7,"5-9 trees",1432,191.265581466885
85.3,68.8,"POTR",23.114,0.0419604463440638,"e0006",24,"16-25 trees",1454,152.124853956649
49.2,69,"PIPO",39.37,0.121736471853174,"b0141",3,"2-4 trees",1456,356.668424731358
88.5,69,"PIFL2",9.144,0.00656692892910357,"e0006",24,"16-25 trees",1460,34.4999088632196
112.3,69,"PIEN",7.62,0.00456036731187748,"b0115",3,"2-4 trees",1461,25.7708031823288
175.7,69,"PSME",33.782,0.0896314859775564,"c0037",7,"5-9 trees",1464,279.18788720561
113.3,69.1,"POTR",14.986,0.0176384873473839,"b0115",3,"2-4 trees",1467,76.0496404670287
178.9,69.2,"PIEN",1.524,0.000182414692475099,"c0037",7,"5-9 trees",1469,1.96234763927647
112.7,69.4,"POTR",20.828,0.0340710108945157,"b0115",3,"2-4 trees",1474,128.776349701634
186.6,69.4,"PIPO",32.258,0.0817268493036354,"b0173",2,"2-4 trees",1475,259.310379117382
185.3,69.9,"PIEN",25.4,0.0506707479097498,"b0173",2,"2-4 trees",1487,176.902490287201
119.6,70.2,"PIPO",9.144,0.00656692892910357,"c0074",9,"5-9 trees",1492,34.4999088632196
103.2,70.4,"PIEN",14.224,0.0158903465444975,"c0070",5,"5-9 trees",1498,69.9575819362394
89.9,70.5,"PSME",6.858,0.00369389752262076,"e0006",24,"16-25 trees",1503,21.7728845249142
99.6,70.9,"PIEN",8.89,0.00620716661894435,"c0070",5,"5-9 trees",1510,32.9794051157481
50.9,71.1,"PIPO",41.656,0.136284043578063,"b0141",3,"2-4 trees",1514,390.376893235005
123.1,71.2,"PIFL2",16.256,0.0207547383438335,"c0074",9,"5-9 trees",1516,86.6207430682866
85,71.3,"PSME",15.494,0.0188545852972179,"e0006",24,"16-25 trees",1518,80.2161257237514
100.6,71.6,"PIEN",14.224,0.0158903465444975,"c0070",5,"5-9 trees",1526,69.9575819362394
86.8,71.8,"POTR",17.526,0.0241243430798319,"e0006",24,"16-25 trees",1530,97.6995338905438
125.9,72,"PIPU",10.922,0.00936902128851274,"c0074",9,"5-9 trees",1533,45.8441025684311
52.2,72.2,"PSME",12.192,0.0116745403184063,"b0141",3,"2-4 trees",1537,54.6663309681585
102,72.2,"PSME",12.7,0.0126676869774374,"c0070",5,"5-9 trees",1538,58.3560588423466
62.1,72.3,"PIEN",26.67,0.0558644995704991,"a0197",1,"single",1540,191.265581466885
125.2,72.8,"PIEN",12.446,0.0121660465731309,"c0074",9,"5-9 trees",1550,56.4998994121704
104.6,73,"POTR",8.89,0.00620716661894435,"c0070",5,"5-9 trees",1554,32.9794051157481
84.7,73.2,"PIPU",21.59,0.0366096153647942,"e0006",24,"16-25 trees",1558,136.396814528871
125.6,73.2,"PIEN",12.192,0.0116745403184063,"c0074",9,"5-9 trees",1559,54.6663309681585
124.9,73.4,"PIPO",11.176,0.00980985679532756,"c0074",9,"5-9 trees",1563,47.5617941542204
80.9,73.5,"POTR",12.446,0.0121660465731309,"e0006",24,"16-25 trees",1564,56.4998994121704
70.3,73.6,"PIEN",1.27,0.000126676869774374,"b0143",4,"2-4 trees",1568,1.46583792402465
118.8,73.7,"PIPU",16.764,0.022072177789487,"c0074",9,"5-9 trees",1571,90.9922163370198
126.7,73.9,"PIPU",11.176,0.00980985679532756,"c0074",9,"5-9 trees",1575,47.5617941542204
170,74,"PSME",67.31,0.355835327196218,"a0195",1,"single",1580,841.254392579211
80.4,74.1,"PIPU",15.748,0.0194778354965078,"e0006",24,"16-25 trees",1581,82.3304804480007
79.6,74.6,"PIEN",10.922,0.00936902128851274,"e0006",24,"16-25 trees",1596,45.8441025684311
37.8,75.4,"PIEN",12.446,0.0121660465731309,"c0050",6,"5-9 trees",1612,56.4998994121704
81.1,75.5,"PSME",46.228,0.167841785376255,"e0006",24,"16-25 trees",1615,461.156322640134
138.8,75.5,"PSME",27.686,0.0602019155915737,"c0075",5,"5-9 trees",1616,203.056241506231
83.5,75.7,"PIPU",2.794,0.000613116049707972,"e0006",24,"16-25 trees",1622,5.17561833654136
123.3,75.7,"POTR",29.972,0.0705539493895356,"c0074",9,"5-9 trees",1624,230.53939986607
83.2,75.8,"PIEN",2.54,0.000506707479097498,"e0006",24,"16-25 trees",1625,4.44358965052675
79.8,75.9,"POTR",13.462,0.0142334130878487,"e0006",24,"16-25 trees",1629,64.0582895158179
71.7,76,"PIFL2",14.732,0.0170456395968398,"b0143",4,"2-4 trees",1632,73.9977877681652
154.7,76,"PIPO",27.432,0.0591023603619321,"a0213",1,"single",1634,200.083813098475
34.8,76.1,"POTR",11.938,0.0111931682132637,"c0050",6,"5-9 trees",1635,52.8555406234571
80.1,76.3,"PIPO",32.258,0.0817268493036354,"e0006",24,"16-25 trees",1644,259.310379117382
82,76.3,"PIPO",28.194,0.0624314284996027,"e0006",24,"16-25 trees",1645,209.050260299898
193.1,76.5,"POTR",10.922,0.00936902128851274,"c0025",8,"5-9 trees",1650,45.8441025684311
135.8,76.6,"PIEN",18.288,0.0262677157164143,"c0075",5,"5-9 trees",1653,104.584166814162
87.8,76.7,"PIEN",45.212,0.160545197677251,"e0006",24,"16-25 trees",1656,445.047074215596
137.2,77,"PIEN",19.558,0.0300426864356906,"c0075",5,"5-9 trees",1663,116.444533906343
188.1,77,"PIPU",37.084,0.108009766244423,"c0025",8,"5-9 trees",1664,324.114541216622
94,77.2,"PSME",34.798,0.0951039267518094,"e0006",24,"16-25 trees",1665,292.743225757139
192.3,77.2,"POTR",14.224,0.0158903465444975,"c0025",8,"5-9 trees",1668,69.9575819362394
193,77.2,"PIEN",2.794,0.000613116049707972,"c0025",8,"5-9 trees",1669,5.17561833654136
71.4,77.3,"PIEN",21.59,0.0366096153647942,"b0143",4,"2-4 trees",1670,136.396814528871
47.4,77.6,"PIPO",19.304,0.0292674239926715,"b0164",3,"2-4 trees",1675,114.034350743377
188.6,77.6,"PSME",24.892,0.0486641862925237,"c0025",8,"5-9 trees",1678,171.275667090396
137.5,78,"PIEN",7.366,0.00426140989920996,"c0075",5,"5-9 trees",1684,24.4101665849469
87.8,78.1,"PIEN",38.354,0.11553437230902,"e0006",24,"16-25 trees",1688,342.05588144814
137.1,78.1,"PIPO",9.652,0.00731685599816787,"c0075",5,"5-9 trees",1691,37.6173069764342
73.3,78.2,"PIEN",4.064,0.00129717114648959,"b0143",4,"2-4 trees",1692,9.42596708390322
92.5,78.3,"PSME",22.352,0.0392394271813102,"e0006",24,"16-25 trees",1695,144.180398665019
37,78.5,"PIPO",39.37,0.121736471853174,"c0050",6,"5-9 trees",1699,356.668424731358
90,78.5,"PSME",20.574,0.0332450777035868,"e0006",24,"16-25 trees",1700,126.27284828981
185.8,78.8,"PSME",26.67,0.0558644995704991,"c0025",8,"5-9 trees",1712,191.265581466885
47.7,79.1,"PIEN",14.732,0.0170456395968398,"b0164",3,"2-4 trees",1717,73.9977877681652
53.1,79.2,"PIEN",8.636,0.00585753845836707,"b0164",3,"2-4 trees",1718,31.4847474378953
189.8,79.3,"PSME",51.562,0.208809085061288,"c0025",8,"5-9 trees",1722,549.196305780885
8.4,79.4,"PSME",23.114,0.0419604463440638,"b0103",2,"2-4 trees",1723,152.124853956649
33.2,80.2,"PIPO",27.178,0.0580129392818725,"c0050",6,"5-9 trees",1747,197.127852560154
35.3,80.3,"POTR",7.62,0.00456036731187748,"c0050",6,"5-9 trees",1753,25.7708031823288
94.5,80.3,"POTR",11.684,0.0107219302577031,"e0006",24,"16-25 trees",1755,51.0677210307142
6,80.7,"PIEN",20.828,0.0340710108945157,"b0103",2,"2-4 trees",1765,128.776349701634
81.8,81.3,"PIEN",20.32,0.0324292786622399,"e0006",24,"16-25 trees",1779,123.787823146332
163.6,81.5,"PIPO",41.656,0.136284043578063,"c0060",8,"5-9 trees",1786,390.376893235005
34.4,81.7,"PIEN",4.572,0.00164173223227589,"c0050",6,"5-9 trees",1788,11.3807256664905
60.7,81.7,"POTR",13.97,0.0153279012426993,"c0073",6,"5-9 trees",1789,67.9695273295393
169.7,81.8,"PIPO",39.116,0.120170745742763,"c0060",8,"5-9 trees",1791,352.993818242851
66.9,82.5,"PIEN",2.54,0.000506707479097498,"c0073",6,"5-9 trees",1806,4.44358965052675
63.9,82.8,"POTR",14.224,0.0158903465444975,"c0073",6,"5-9 trees",1814,69.9575819362394
93.2,82.9,"PSME",6.35,0.00316692174435936,"e0006",24,"16-25 trees",1817,19.2503203210012
63.5,83,"POTR",10.668,0.00893831993127986,"c0073",6,"5-9 trees",1819,44.15021382169
92.2,83,"PSME",26.162,0.0537565964574535,"e0006",24,"16-25 trees",1820,185.469929173557
172.1,83,"POTR",13.716,0.014775590090483,"c0060",8,"5-9 trees",1822,66.0030435502607
63.9,83.6,"PSME",24.384,0.0466981612736254,"c0073",6,"5-9 trees",1832,165.717326957557
168.3,83.6,"PIEN",10.16,0.00810731966555996,"c0060",8,"5-9 trees",1835,40.8347529747354
169.8,83.6,"PIEN",8.89,0.00620716661894435,"c0060",8,"5-9 trees",1836,32.9794051157481
189.1,83.6,"PSME",28.956,0.0658517039835108,"c0025",8,"5-9 trees",1837,218.163307276587
165.2,84.2,"POTR",9.398,0.00693682538884474,"c0060",8,"5-9 trees",1849,36.045969019139
169.6,84.2,"PIPO",1.778,0.000248286664757774,"c0060",8,"5-9 trees",1850,2.51125497780401
40.2,84.5,"PSME",14.986,0.0176384873473839,"c0079",8,"5-9 trees",1857,76.0496404670287
62.7,84.5,"PIEN",5.588,0.00245246419883189,"c0073",6,"5-9 trees",1858,15.6895409092615
129.2,84.5,"PIEN",29.972,0.0705539493895356,"a0210",1,"single",1860,230.53939986607
165.6,84.6,"PIPU",3.81,0.00114009182796937,"c0060",8,"5-9 trees",1865,8.50119466651352
46.6,85.3,"PIEN",4.318,0.00146438461459177,"c0079",8,"5-9 trees",1877,10.3860933282474
142,85.6,"PIEN",8.636,0.00585753845836707,"b0080",3,"2-4 trees",1883,31.4847474378953
178.9,85.6,"PIPO",38.608,0.117069695970686,"b0139",2,"2-4 trees",1885,345.687509145987
143.9,86.1,"PSME",40.64,0.129717114648959,"b0080",3,"2-4 trees",1892,375.254508550311
39.5,86.4,"PIPO",23.114,0.0419604463440638,"c0079",8,"5-9 trees",1896,152.124853956649
146.5,86.8,"PIEN",24.892,0.0486641862925237,"b0080",3,"2-4 trees",1900,171.275667090396
179,87.2,"PIEN",6.604,0.00342534255869908,"b0139",2,"2-4 trees",1912,20.4970473014041
78.2,87.3,"PSME",1.524,0.000182414692475099,"b0107",3,"2-4 trees",1914,1.96234763927647
47.9,87.8,"PIEN",32.004,0.0804448793815187,"c0079",8,"5-9 trees",1923,256.051201919968
81.5,88,"PIPO",42.418,0.141315648845501,"b0107",3,"2-4 trees",1926,401.865108263255
134.9,88.1,"POTR",12.954,0.0131794615313259,"b0096",2,"2-4 trees",1928,60.2346274174601
136.4,88.9,"PIPU",22.86,0.0410433058068973,"b0096",2,"2-4 trees",1947,149.458961986645
156.8,89,"PIEN",11.43,0.0102608264517243,"e0003",24,"16-25 trees",1951,49.3030706693208
43,89.3,"PSME",29.718,0.0693631868136565,"c0079",8,"5-9 trees",1954,227.421398259343
92.7,89.7,"PIPU",34.036,0.0909843949467467,"c0039",7,"5-9 trees",1961,282.554106810417
94.6,89.7,"PSME",14.224,0.0158903465444975,"c0039",7,"5-9 trees",1962,69.9575819362394
89.5,89.9,"PSME",19.812,0.0308280830282918,"c0039",7,"5-9 trees",1968,118.873571451574
44.8,90.3,"PIFL2",19.05,0.0285022956992343,"c0079",8,"5-9 trees",1975,111.643120811234
90,90.3,"PIPO",35.306,0.0979009520364275,"c0039",7,"5-9 trees",1976,299.610912297119
77.4,91.1,"PIEN",3.302,0.000856335639674771,"b0107",3,"2-4 trees",2000,6.76150401542223
89.7,91.4,"PIPO",33.782,0.0896314859775564,"c0039",7,"5-9 trees",2010,279.18788720561
158.6,91.7,"PIEN",7.366,0.00426140989920996,"e0003",24,"16-25 trees",2021,24.4101665849469
90.3,91.8,"PIEN",2.286,0.000410433058068973,"c0039",7,"5-9 trees",2024,3.75423938681759
195.6,91.8,"POTR",13.462,0.0142334130878487,"a0214",1,"single",2026,64.0582895158179
8.1,92.2,"PIPO",56.134,0.247480999866009,"a0202",1,"single",2033,629.160696426525
92.2,92.4,"PIEN",5.588,0.00245246419883189,"c0039",7,"5-9 trees",2038,15.6895409092615
45.1,92.6,"PIPO",26.67,0.0558644995704991,"c0079",8,"5-9 trees",2040,191.265581466885
53.4,93,"PIPO",9.652,0.00731685599816787,"c0031",9,"5-9 trees",2048,37.6173069764342
107,93.1,"POTR",12.7,0.0126676869774374,"a0186",1,"single",2052,58.3560588423466
42.8,93.3,"PIEN",6.35,0.00316692174435936,"c0079",8,"5-9 trees",2054,19.2503203210012
152.3,93.4,"PIEN",16.256,0.0207547383438335,"e0003",24,"16-25 trees",2058,86.6207430682866
167,93.4,"PIPU",3.302,0.000856335639674771,"e0003",24,"16-25 trees",2059,6.76150401542223
159.5,93.6,"PIPU",14.224,0.0158903465444975,"e0003",24,"16-25 trees",2066,69.9575819362394
154.8,93.7,"POTR",9.398,0.00693682538884474,"e0003",24,"16-25 trees",2068,36.045969019139
160.5,93.9,"POTR",18.288,0.0262677157164143,"e0003",24,"16-25 trees",2074,104.584166814162
156.7,94.1,"PIPU",17.78,0.0248286664757774,"e0003",24,"16-25 trees",2078,99.9748613751942
161.1,94.2,"POTR",5.588,0.00245246419883189,"e0003",24,"16-25 trees",2080,15.6895409092615
166.3,94.6,"POTR",12.446,0.0121660465731309,"e0003",24,"16-25 trees",2085,56.4998994121704
67.7,94.7,"POTR",17.272,0.0234301538334683,"b0149",4,"2-4 trees",2086,95.4439065680274
160.4,94.8,"PIEN",7.112,0.00397258663612438,"e0003",24,"16-25 trees",2090,23.0773956958527
56.9,95.1,"POTR",15.748,0.0194778354965078,"c0031",9,"5-9 trees",2093,82.3304804480007
55.7,95.5,"POTR",13.716,0.014775590090483,"c0031",9,"5-9 trees",2103,66.0030435502607
153.4,95.8,"PIEN",11.684,0.0107219302577031,"e0003",24,"16-25 trees",2110,51.0677210307142
161.7,96.5,"PIPO",3.048,0.000729658769900397,"e0003",24,"16-25 trees",2123,5.94872565220784
68.7,96.9,"POTR",11.176,0.00980985679532756,"b0149",4,"2-4 trees",2128,47.5617941542204
161.5,96.9,"POTR",12.954,0.0131794615313259,"e0003",24,"16-25 trees",2129,60.2346274174601
84.9,97,"PIFL2",13.462,0.0142334130878487,"d0016",12,"10-15 trees",2131,64.0582895158179
164.3,97.2,"PIEN",1.016,8.10731966555997e-05,"e0003",24,"16-25 trees",2138,1.02572261931283
158,97.3,"POTR",24.384,0.0466981612736254,"e0003",24,"16-25 trees",2143,165.717326957557
56.2,97.5,"PSME",34.036,0.0909843949467467,"c0031",9,"5-9 trees",2145,282.554106810417
56.7,97.6,"POTR",11.938,0.0111931682132637,"c0031",9,"5-9 trees",2147,52.8555406234571
68.8,97.6,"PIEN",14.224,0.0158903465444975,"b0149",4,"2-4 trees",2148,69.9575819362394
127.3,97.8,"PSME",6.096,0.00291863507960159,"b0157",4,"2-4 trees",2150,18.0331640413536
161.4,97.8,"POTR",8.128,0.00518868458595838,"e0003",24,"16-25 trees",2151,28.5741889289076
68.6,97.9,"POTR",5.842,0.00268048256442576,"b0149",4,"2-4 trees",2154,16.8460654712927
164.5,97.9,"PIEN",5.08,0.00202682991638999,"e0003",24,"16-25 trees",2157,13.4704448961551
100.5,98.1,"PIEN",21.844,0.0374760851540509,"b0102",4,"2-4 trees",2161,138.973331479546
129.6,98.1,"POTR",12.7,0.0126676869774374,"b0157",4,"2-4 trees",2162,58.3560588423466
34.2,98.2,"POTR",10.922,0.00936902128851274,"b0121",4,"2-4 trees",2164,45.8441025684311
53.3,98.3,"PIEN",12.7,0.0126676869774374,"c0031",9,"5-9 trees",2165,58.3560588423466
83.1,98.4,"PSME",30.226,0.0717548461149966,"d0016",12,"10-15 trees",2168,233.673296227583
33.9,98.6,"PSME",16.51,0.0214083909918693,"b0121",4,"2-4 trees",2172,88.7963914804711
61.3,99,"PIPO",43.18,0.146438461459177,"c0031",9,"5-9 trees",2177,413.477822801311
94.3,99.1,"PIEN",4.572,0.00164173223227589,"b0102",4,"2-4 trees",2179,11.3807256664905
157.1,99.1,"POTR",19.05,0.0285022956992343,"e0003",24,"16-25 trees",2181,111.643120811234
26.5,99.2,"PSME",39.37,0.121736471853174,"d0011",14,"10-15 trees",2182,356.668424731358
127.7,99.2,"PIPO",48.006,0.181000978608417,"b0157",4,"2-4 trees",2184,489.860964515113
160.6,99.2,"PIPO",52.578,0.217119087718487,"e0003",24,"16-25 trees",2185,566.612954146205
162.2,99.3,"PIPO",3.81,0.00114009182796937,"e0003",24,"16-25 trees",2188,8.50119466651352
87.2,99.5,"PIEN",13.208,0.0137013702347963,"d0016",12,"10-15 trees",2190,62.1354283185709
81,99.6,"PIEN",2.032,0.000324292786622399,"d0016",12,"10-15 trees",2192,3.1094095334738
158.7,99.7,"PIEN",2.54,0.000506707479097498,"e0003",24,"16-25 trees",2195,4.44358965052675
95.7,99.9,"PIEN",29.972,0.0705539493895356,"b0102",4,"2-4 trees",2201,230.53939986607
77.8,100.2,"PIEN",5.842,0.00268048256442576,"d0016",12,"10-15 trees",2208,16.8460654712927
127.7,100.3,"PIEN",10.16,0.00810731966555996,"b0157",4,"2-4 trees",2212,40.8347529747354
60,100.6,"PIPO",10.414,0.00851775272362894,"c0031",9,"5-9 trees",2217,42.4803530379405
99.8,100.6,"PSME",10.16,0.00810731966555996,"b0102",4,"2-4 trees",2218,40.8347529747354
115,100.6,"PIPO",31.242,0.0766597745126604,"b0158",2,"2-4 trees",2219,246.366767265927
160.9,100.6,"POTR",11.938,0.0111931682132637,"e0003",24,"16-25 trees",2220,52.8555406234571
80.2,100.7,"POTR",6.604,0.00342534255869908,"d0016",12,"10-15 trees",2222,20.4970473014041
85.3,100.8,"PIEN",9.652,0.00731685599816787,"d0016",12,"10-15 trees",2226,37.6173069764342
38.8,100.9,"PIEN",28.702,0.0647014780059595,"b0121",4,"2-4 trees",2229,215.109433315022
160.8,101,"POTR",10.16,0.00810731966555996,"e0003",24,"16-25 trees",2233,40.8347529747354
56.1,101.2,"PIPO",22.606,0.0401362994193128,"c0031",9,"5-9 trees",2239,146.810783773453
179.1,101.4,"PIPU",10.16,0.00810731966555996,"c0065",5,"5-9 trees",2249,40.8347529747354
26.2,101.7,"PSME",17.272,0.0234301538334683,"d0011",14,"10-15 trees",2255,95.4439065680274
80,101.7,"PIPU",5.588,0.00245246419883189,"d0016",12,"10-15 trees",2257,15.6895409092615
28.2,101.9,"PIEN",19.812,0.0308280830282918,"d0011",14,"10-15 trees",2263,118.873571451574
199.7,101.9,"PIEN",21.844,0.0374760851540509,"b0172",2,"2-4 trees",2264,138.973331479546
27.1,102,"PIEN",1.27,0.000126676869774374,"d0011",14,"10-15 trees",2265,1.46583792402465
36.2,102,"PIEN",15.24,0.0182414692475099,"b0121",4,"2-4 trees",2266,78.1224666314692
149.3,102,"PIEN",1.524,0.000182414692475099,"b0138",3,"2-4 trees",2268,1.96234763927647
174.6,102.1,"PSME",4.318,0.00146438461459177,"c0065",5,"5-9 trees",2271,10.3860933282474
21.6,102.2,"POTR",18.796,0.027747301555379,"d0011",14,"10-15 trees",2275,109.270944796459
87.4,102.2,"PIEN",14.986,0.0176384873473839,"d0016",12,"10-15 trees",2277,76.0496404670287
151.1,102.3,"PIPO",30.226,0.0717548461149966,"b0138",3,"2-4 trees",2280,233.673296227583
26.2,102.4,"POTR",14.732,0.0170456395968398,"d0011",14,"10-15 trees",2282,73.9977877681652
114.2,102.4,"PIEN",3.048,0.000729658769900397,"b0158",2,"2-4 trees",2283,5.94872565220784
23.1,102.5,"PIEN",21.59,0.0366096153647942,"d0011",14,"10-15 trees",2284,136.396814528871
85.8,102.5,"PIEN",17.526,0.0241243430798319,"d0016",12,"10-15 trees",2285,97.6995338905438
81.1,102.7,"PIEN",39.37,0.121736471853174,"d0016",12,"10-15 trees",2288,356.668424731358
29.5,102.8,"PSME",20.32,0.0324292786622399,"d0011",14,"10-15 trees",2289,123.787823146332
148.5,102.8,"PIPU",22.352,0.0392394271813102,"b0138",3,"2-4 trees",2291,144.180398665019
179.8,102.8,"PSME",38.354,0.11553437230902,"c0065",5,"5-9 trees",2292,342.05588144814
25.9,102.9,"PIEN",33.02,0.0856335639674771,"d0011",14,"10-15 trees",2293,269.180323226586
83,103.1,"PIEN",14.224,0.0158903465444975,"d0016",12,"10-15 trees",2297,69.9575819362394
22.4,103.5,"PIEN",23.876,0.0447726728530549,"d0011",14,"10-15 trees",2303,160.228037109675
199.6,104.4,"POTR",14.478,0.0164629259958777,"b0172",2,"2-4 trees",2327,71.9670524479585
27.1,104.5,"PIEN",10.922,0.00936902128851274,"d0011",14,"10-15 trees",2328,45.8441025684311
71.6,104.7,"PIEN",16.764,0.022072177789487,"c0044",9,"5-9 trees",2334,90.9922163370198
177.8,104.7,"PSME",37.338,0.109494419158178,"c0065",5,"5-9 trees",2335,327.673773252175
24,104.8,"POTR",12.192,0.0116745403184063,"d0011",14,"10-15 trees",2336,54.6663309681585
105.2,104.9,"PIPO",41.148,0.132980310814347,"a0190",1,"single",2340,382.787696106639
139.7,104.9,"POTR",14.224,0.0158903465444975,"a0208",1,"single",2343,69.9575819362394
179.6,105.1,"PIFL2",26.162,0.0537565964574535,"c0065",5,"5-9 trees",2349,185.469929173557
45.7,105.3,"POTR",16.256,0.0207547383438335,"b0101",4,"2-4 trees",2354,86.6207430682866
71.7,105.5,"PIEN",2.54,0.000506707479097498,"c0044",9,"5-9 trees",2360,4.44358965052675
74,105.5,"PIPU",4.064,0.00129717114648959,"c0044",9,"5-9 trees",2361,9.42596708390322
46.4,105.7,"PIEN",22.098,0.0383526890928896,"b0101",4,"2-4 trees",2368,141.567887267438
75,105.7,"PSME",15.748,0.0194778354965078,"c0044",9,"5-9 trees",2369,82.3304804480007
46.6,105.9,"POTR",14.732,0.0170456395968398,"b0101",4,"2-4 trees",2373,73.9977877681652
74.2,106,"PIEN",39.878,0.124898326522742,"c0044",9,"5-9 trees",2377,364.060356850979
27.6,106.1,"POTR",22.352,0.0392394271813102,"d0011",14,"10-15 trees",2378,144.180398665019
45.3,106.3,"PIEN",16.002,0.0201112198453797,"b0101",4,"2-4 trees",2384,84.4653966240764
121.2,106.9,"PIEN",15.494,0.0188545852972179,"e0004",24,"16-25 trees",2394,80.2161257237514
26,107,"PIEN",4.064,0.00129717114648959,"d0011",14,"10-15 trees",2395,9.42596708390322
72.4,107,"PSME",35.56,0.0993146659031096,"c0044",9,"5-9 trees",2396,303.067107241925
121.3,107.1,"PIPU",24.892,0.0486641862925237,"e0004",24,"16-25 trees",2401,171.275667090396
57.1,107.5,"POTR",32.004,0.0804448793815187,"b0119",3,"2-4 trees",2414,256.051201919968
75.3,107.5,"PIPU",12.446,0.0121660465731309,"c0044",9,"5-9 trees",2415,56.4998994121704
69.5,108.3,"PIEN",3.81,0.00114009182796937,"c0044",9,"5-9 trees",2427,8.50119466651352
62.3,109.2,"PSME",6.858,0.00369389752262076,"b0119",3,"2-4 trees",2448,21.7728845249142
55.9,109.5,"PIPO",36.576,0.105070862865657,"b0119",3,"2-4 trees",2451,317.039908469824
73.8,109.6,"PIEN",5.334,0.00223457998281997,"c0044",9,"5-9 trees",2455,14.5641391000087
81,109.8,"PIPO",8.128,0.00518868458595838,"a0207",1,"single",2459,28.5741889289076
125.8,110,"PSME",11.938,0.0111931682132637,"e0004",24,"16-25 trees",2465,52.8555406234571
190.6,110,"POTR",28.702,0.0647014780059595,"b0106",4,"2-4 trees",2466,215.109433315022
123.3,110.7,"PIPO",19.812,0.0308280830282918,"e0004",24,"16-25 trees",2476,118.873571451574
138,110.7,"PSME",3.302,0.000856335639674771,"b0090",4,"2-4 trees",2477,6.76150401542223
108.5,111,"PIEN",6.096,0.00291863507960159,"b0174",4,"2-4 trees",2483,18.0331640413536
162.6,111,"PIPO",40.386,0.128100717790638,"b0159",3,"2-4 trees",2485,371.509005363059
138.2,111.2,"PIEN",4.572,0.00164173223227589,"b0090",4,"2-4 trees",2489,11.3807256664905
190.7,111.3,"PSME",37.592,0.110989206221516,"b0106",4,"2-4 trees",2492,331.247562532473
191.4,111.4,"PSME",20.32,0.0324292786622399,"b0106",4,"2-4 trees",2495,123.787823146332
125.6,111.5,"PIPU",10.668,0.00893831993127986,"e0004",24,"16-25 trees",2497,44.15021382169
109.7,111.6,"POTR",13.462,0.0142334130878487,"b0174",4,"2-4 trees",2499,64.0582895158179
106,111.7,"PIPU",9.906,0.00770702075707294,"b0174",4,"2-4 trees",2502,39.2136544780448
184.4,111.7,"PIPO",21.082,0.0349070782350266,"c0061",5,"5-9 trees",2504,131.298236918595
140.6,111.9,"PSME",41.148,0.132980310814347,"b0090",4,"2-4 trees",2507,382.787696106639
161.9,111.9,"PIEN",5.842,0.00268048256442576,"b0159",3,"2-4 trees",2508,16.8460654712927
125.8,112,"POTR",8.382,0.00551804444737175,"e0004",24,"16-25 trees",2511,30.0162373188641
124.8,112.3,"PIEN",2.286,0.000410433058068973,"e0004",24,"16-25 trees",2515,3.75423938681759
121.6,112.5,"POTR",9.398,0.00693682538884474,"e0004",24,"16-25 trees",2518,36.045969019139
86.4,112.6,"POTR",8.89,0.00620716661894435,"b0100",3,"2-4 trees",2519,32.9794051157481
117.8,112.7,"PIEN",1.524,0.000182414692475099,"e0004",24,"16-25 trees",2520,1.96234763927647
125.6,112.7,"PIPU",3.81,0.00114009182796937,"e0004",24,"16-25 trees",2521,8.50119466651352
176.4,112.8,"PIPU",6.096,0.00291863507960159,"c0061",5,"5-9 trees",2523,18.0331640413536
50.7,112.9,"PIEN",10.922,0.00936902128851274,"c0051",5,"5-9 trees",2524,45.8441025684311
192.9,113.2,"PIEN",7.112,0.00397258663612438,"b0106",4,"2-4 trees",2529,23.0773956958527
141.4,113.3,"PIEN",19.812,0.0308280830282918,"b0090",4,"2-4 trees",2530,118.873571451574
44.8,113.4,"PIEN",4.318,0.00146438461459177,"c0051",5,"5-9 trees",2531,10.3860933282474
162.6,113.4,"PSME",38.1,0.114009182796937,"b0159",3,"2-4 trees",2533,338.438655501018
120.4,113.8,"POTR",20.574,0.0332450777035868,"e0004",24,"16-25 trees",2536,126.27284828981
180.7,113.9,"PIFL2",21.336,0.0357532797251194,"c0061",5,"5-9 trees",2538,133.838421009024
85.8,114.8,"PIEN",4.826,0.00182921399954197,"b0100",3,"2-4 trees",2554,12.4090835343443
105.5,114.8,"PIPO",2.54,0.000506707479097498,"b0174",4,"2-4 trees",2555,4.44358965052675
88.8,114.9,"PIEN",1.524,0.000182414692475099,"b0100",3,"2-4 trees",2556,1.96234763927647
46.7,115.3,"PSME",36.068,0.102172496085219,"c0051",5,"5-9 trees",2568,310.023987345735
180.7,115.3,"PIFL2",4.064,0.00129717114648959,"c0061",5,"5-9 trees",2570,9.42596708390322
122.8,115.4,"PIPO",34.036,0.0909843949467467,"e0004",24,"16-25 trees",2573,282.554106810417
62.1,115.8,"PIPU",1.016,8.10731966555997e-05,"d0008",11,"10-15 trees",2583,1.02572261931283
114.3,115.8,"PIPO",32.512,0.083018953375334,"e0004",24,"16-25 trees",2584,262.584990544085
58.1,116,"PSME",14.224,0.0158903465444975,"d0008",11,"10-15 trees",2587,69.9575819362394
49.2,116.2,"PIEN",7.874,0.00486945887412695,"c0051",5,"5-9 trees",2591,27.1589300622175
179.7,116.2,"PIPU",33.528,0.088288711157948,"c0061",5,"5-9 trees",2592,275.836819451038
115.7,116.3,"PIEN",8.128,0.00518868458595838,"e0004",24,"16-25 trees",2594,28.5741889289076
20,116.9,"PIEN",16.764,0.022072177789487,"c0030",6,"5-9 trees",2598,90.9922163370198
20.6,116.9,"PIEN",4.572,0.00164173223227589,"c0030",6,"5-9 trees",2599,11.3807256664905
46.6,116.9,"PIEN",4.826,0.00182921399954197,"c0051",5,"5-9 trees",2600,12.4090835343443
188.1,117,"PIEN",8.636,0.00585753845836707,"b0177",4,"2-4 trees",2607,31.4847474378953
22.8,117.1,"POTR",20.828,0.0340710108945157,"c0030",6,"5-9 trees",2608,128.776349701634
124.9,117.1,"PIEN",8.636,0.00585753845836707,"e0004",24,"16-25 trees",2609,31.4847474378953
19.2,117.4,"PSME",11.684,0.0107219302577031,"c0030",6,"5-9 trees",2612,51.0677210307142
30,117.9,"PSME",11.176,0.00980985679532756,"b0140",4,"2-4 trees",2618,47.5617941542204
72.2,118.1,"PIEN",8.89,0.00620716661894435,"b0169",4,"2-4 trees",2624,32.9794051157481
168.4,118.2,"POTR",13.462,0.0142334130878487,"b0156",2,"2-4 trees",2626,64.0582895158179
60.1,118.6,"PSME",1.27,0.000126676869774374,"d0008",11,"10-15 trees",2632,1.46583792402465
169.6,118.6,"PIPO",56.134,0.247480999866009,"b0156",2,"2-4 trees",2637,629.160696426525
60.6,119,"PSME",53.848,0.227734609405579,"d0008",11,"10-15 trees",2642,588.669214325951
125.4,119.2,"PIEN",4.826,0.00182921399954197,"e0004",24,"16-25 trees",2644,12.4090835343443
119.7,119.3,"PSME",35.814,0.100738513919374,"e0004",24,"16-25 trees",2649,306.538146325286
75.5,119.4,"PIEN",10.414,0.00851775272362894,"b0169",4,"2-4 trees",2650,42.4803530379405
123.5,120,"POTR",15.748,0.0194778354965078,"e0004",24,"16-25 trees",2663,82.3304804480007
58.3,120.1,"PIEN",26.924,0.0569336523513948,"d0008",11,"10-15 trees",2665,194.188421282889
73.7,120.4,"PSME",37.846,0.112494127434435,"b0169",4,"2-4 trees",2670,334.835869633147
128.4,120.4,"PIPO",33.02,0.0856335639674771,"e0004",24,"16-25 trees",2671,269.180323226586
28.7,120.6,"POTR",19.812,0.0308280830282918,"b0140",4,"2-4 trees",2674,118.873571451574
125.1,120.6,"PIEN",22.86,0.0410433058068973,"e0004",24,"16-25 trees",2676,149.458961986645
189.9,120.6,"PIPU",17.78,0.0248286664757774,"b0177",4,"2-4 trees",2677,99.9748613751942
56.6,120.7,"PIPU",10.16,0.00810731966555996,"d0008",11,"10-15 trees",2680,40.8347529747354
146.9,120.7,"POTR",8.89,0.00620716661894435,"e0005",16,"16-25 trees",2682,32.9794051157481
148.4,120.7,"PIPU",7.62,0.00456036731187748,"e0005",16,"16-25 trees",2683,25.7708031823288
5.3,121.1,"PIEN",19.304,0.0292674239926715,"b0146",4,"2-4 trees",2688,114.034350743377
75.3,121.1,"PIPO",33.528,0.088288711157948,"b0169",4,"2-4 trees",2690,275.836819451038
186.1,121.2,"PIEN",5.842,0.00268048256442576,"b0177",4,"2-4 trees",2692,16.8460654712927
61.6,121.5,"POTR",10.668,0.00893831993127986,"d0008",11,"10-15 trees",2695,44.15021382169
42.7,121.6,"PIPU",5.334,0.00223457998281997,"d0017",12,"10-15 trees",2698,14.5641391000087
64.1,121.6,"PIEN",14.732,0.0170456395968398,"d0008",11,"10-15 trees",2699,73.9977877681652
88.6,121.6,"PIPU",20.32,0.0324292786622399,"c0029",9,"5-9 trees",2701,123.787823146332
118.5,121.6,"PIPO",5.842,0.00268048256442576,"e0004",24,"16-25 trees",2703,16.8460654712927
144.4,121.6,"POTR",11.176,0.00980985679532756,"e0005",16,"16-25 trees",2704,47.5617941542204
60.4,121.7,"PSME",41.148,0.132980310814347,"d0008",11,"10-15 trees",2706,382.787696106639
123.1,121.7,"PSME",10.922,0.00936902128851274,"e0004",24,"16-25 trees",2709,45.8441025684311
144.9,121.9,"PIEN",3.302,0.000856335639674771,"e0005",16,"16-25 trees",2712,6.76150401542223
22.2,122,"PIFL2",22.606,0.0401362994193128,"c0030",6,"5-9 trees",2714,146.810783773453
3,122.1,"PIEN",3.302,0.000856335639674771,"b0146",4,"2-4 trees",2716,6.76150401542223
4.2,122.2,"POTR",15.748,0.0194778354965078,"b0146",4,"2-4 trees",2719,82.3304804480007
28.2,122.2,"PIPU",33.02,0.0856335639674771,"b0140",4,"2-4 trees",2720,269.180323226586
58.2,122.2,"PIEN",20.574,0.0332450777035868,"d0008",11,"10-15 trees",2721,126.27284828981
31.3,122.3,"POTR",15.748,0.0194778354965078,"b0140",4,"2-4 trees",2723,82.3304804480007
58,122.5,"PIEN",23.876,0.0447726728530549,"d0008",11,"10-15 trees",2727,160.228037109675
195.1,122.5,"PIPO",46.736,0.171550884123249,"b0177",4,"2-4 trees",2728,469.291257131431
46.8,123,"POTR",7.62,0.00456036731187748,"d0017",12,"10-15 trees",2731,25.7708031823288
126.7,123.1,"PSME",26.67,0.0558644995704991,"e0004",24,"16-25 trees",2736,191.265581466885
122.6,123.2,"PIPU",10.414,0.00851775272362894,"e0004",24,"16-25 trees",2737,42.4803530379405
88.6,123.3,"PIPO",28.448,0.0635613861779901,"c0029",9,"5-9 trees",2740,212.071731787533
87.8,123.5,"PSME",16.764,0.022072177789487,"c0029",9,"5-9 trees",2744,90.9922163370198
85.9,123.6,"PSME",42.926,0.144720723105036,"c0029",9,"5-9 trees",2748,409.59313967109
42.4,123.7,"PIEN",10.668,0.00893831993127986,"d0017",12,"10-15 trees",2749,44.15021382169
87.9,123.7,"PIPO",46.482,0.169691267674961,"c0029",9,"5-9 trees",2751,465.217121889435
20.1,123.8,"PIFL2",8.382,0.00551804444737175,"c0030",6,"5-9 trees",2754,30.0162373188641
42.2,123.8,"PIEN",5.08,0.00202682991638999,"d0017",12,"10-15 trees",2755,13.4704448961551
85.7,124.1,"PIPU",12.446,0.0121660465731309,"c0029",9,"5-9 trees",2760,56.4998994121704
88.6,124.1,"PIEN",7.62,0.00456036731187748,"c0029",9,"5-9 trees",2761,25.7708031823288
4.6,124.3,"PIPO",40.64,0.129717114648959,"b0146",4,"2-4 trees",2764,375.254508550311
146,124.4,"PSME",38.862,0.118615153781933,"e0005",16,"16-25 trees",2770,349.333500619765
147.7,124.4,"POTR",18.034,0.0255431240213049,"e0005",16,"16-25 trees",2771,102.269775958013
87.6,124.5,"PIPO",34.29,0.0923474380655189,"c0029",9,"5-9 trees",2774,285.935432933798
150.6,124.7,"PIEN",1.016,8.10731966555997e-05,"e0005",16,"16-25 trees",2779,1.02572261931283
98.3,124.9,"PIEN",13.97,0.0153279012426993,"c0049",5,"5-9 trees",2782,67.9695273295393
154.1,124.9,"POTR",14.224,0.0158903465444975,"e0005",16,"16-25 trees",2783,69.9575819362394
151.6,125,"PIPO",1.016,8.10731966555997e-05,"e0005",16,"16-25 trees",2786,1.02572261931283
174.1,125,"POTR",12.7,0.0126676869774374,"d0014",10,"10-15 trees",2788,58.3560588423466
100.2,125.1,"POTR",8.382,0.00551804444737175,"c0049",5,"5-9 trees",2790,30.0162373188641
40.8,125.3,"PIEN",3.048,0.000729658769900397,"d0017",12,"10-15 trees",2793,5.94872565220784
162.2,125.3,"PIPO",33.02,0.0856335639674771,"c0062",7,"5-9 trees",2794,269.180323226586
173.3,125.5,"PIPO",13.97,0.0153279012426993,"d0014",10,"10-15 trees",2799,67.9695273295393
42.6,125.7,"POTR",11.938,0.0111931682132637,"d0017",12,"10-15 trees",2802,52.8555406234571
161.5,125.7,"PIPO",49.784,0.194656745170095,"c0062",7,"5-9 trees",2804,519.210732098065
172.8,125.7,"PIEN",10.668,0.00893831993127986,"d0014",10,"10-15 trees",2805,44.15021382169
172.8,125.9,"PIFL2",14.224,0.0158903465444975,"d0014",10,"10-15 trees",2808,69.9575819362394
43.8,126,"PSME",11.43,0.0102608264517243,"d0017",12,"10-15 trees",2810,49.3030706693208
87.8,126,"POTR",19.812,0.0308280830282918,"c0029",9,"5-9 trees",2811,118.873571451574
177.9,126.1,"PIFL2",10.16,0.00810731966555996,"d0014",10,"10-15 trees",2814,40.8347529747354
46.2,126.2,"PIPO",25.146,0.0496624000263458,"d0017",12,"10-15 trees",2815,174.080553123716
148.8,126.4,"PIPU",28.448,0.0635613861779901,"e0005",16,"16-25 trees",2825,212.071731787533
46.2,126.5,"PSME",11.43,0.0102608264517243,"d0017",12,"10-15 trees",2831,49.3030706693208
101.7,126.6,"PIPO",3.81,0.00114009182796937,"c0049",5,"5-9 trees",2834,8.50119466651352
97.8,126.7,"PIEN",7.874,0.00486945887412695,"c0049",5,"5-9 trees",2836,27.1589300622175
151.3,127,"PIEN",29.972,0.0705539493895356,"e0005",16,"16-25 trees",2845,230.53939986607
74.6,127.1,"POTR",15.24,0.0182414692475099,"d0012",14,"10-15 trees",2847,78.1224666314692
152.8,127.1,"PIPU",6.858,0.00369389752262076,"e0005",16,"16-25 trees",2848,21.7728845249142
175.8,127.1,"POTR",9.652,0.00731685599816787,"d0014",10,"10-15 trees",2849,37.6173069764342
176.2,127.1,"PIPO",35.306,0.0979009520364275,"d0014",10,"10-15 trees",2850,299.610912297119
72,127.2,"PIFL2",18.288,0.0262677157164143,"d0012",14,"10-15 trees",2852,104.584166814162
43.4,127.3,"PIFL2",2.286,0.000410433058068973,"d0017",12,"10-15 trees",2854,3.75423938681759
176.3,127.3,"PIEN",17.526,0.0241243430798319,"d0014",10,"10-15 trees",2856,97.6995338905438
187.1,127.3,"PIEN",29.21,0.0670120641106441,"b0131",4,"2-4 trees",2857,221.233296775782
185.5,127.5,"PIPO",9.652,0.00731685599816787,"b0131",4,"2-4 trees",2860,37.6173069764342
75.8,127.6,"PSME",26.416,0.0548054809391854,"d0012",14,"10-15 trees",2862,188.359396139355
67.9,127.9,"PIPU",8.382,0.00551804444737175,"d0012",14,"10-15 trees",2870,30.0162373188641
71.4,128.3,"PIPO",15.748,0.0194778354965078,"d0012",14,"10-15 trees",2879,82.3304804480007
25.2,128.5,"PSME",15.748,0.0194778354965078,"c0028",5,"5-9 trees",2883,82.3304804480007
46.7,128.5,"PIPO",46.482,0.169691267674961,"d0017",12,"10-15 trees",2884,465.217121889435
13.7,128.6,"PIEN",11.938,0.0111931682132637,"c0071",6,"5-9 trees",2886,52.8555406234571
30.1,128.6,"PIEN",2.032,0.000324292786622399,"c0028",5,"5-9 trees",2887,3.1094095334738
97.9,128.6,"PIPU",21.59,0.0366096153647942,"c0049",5,"5-9 trees",2890,136.396814528871
163,128.7,"PIEN",4.826,0.00182921399954197,"c0062",7,"5-9 trees",2891,12.4090835343443
29.7,128.9,"PIEN",10.414,0.00851775272362894,"c0028",5,"5-9 trees",2897,42.4803530379405
186.4,128.9,"PSME",25.654,0.0516892299427357,"b0131",4,"2-4 trees",2898,179.741410169007
159.8,129.2,"PIPO",31.496,0.0779113419860312,"c0062",7,"5-9 trees",2902,249.57934628759
136.2,129.3,"POTR",8.382,0.00551804444737175,"a0182",1,"single",2904,30.0162373188641
143.5,129.5,"PIEN",2.794,0.000613116049707972,"e0005",16,"16-25 trees",2910,5.17561833654136
76.6,129.6,"PIEN",19.304,0.0292674239926715,"d0012",14,"10-15 trees",2911,114.034350743377
165.7,129.6,"PIPO",14.986,0.0176384873473839,"c0062",7,"5-9 trees",2912,76.0496404670287
43.5,129.8,"PIPO",35.306,0.0979009520364275,"d0017",12,"10-15 trees",2915,299.610912297119
199.4,129.8,"PIPU",4.572,0.00164173223227589,"b0088",3,"2-4 trees",2916,11.3807256664905
25.3,129.9,"PIPU",22.098,0.0383526890928896,"c0028",5,"5-9 trees",2917,141.567887267438
68.9,129.9,"PSME",30.734,0.0741870420146647,"d0012",14,"10-15 trees",2918,239.98855958573
72,130.1,"PIEN",11.176,0.00980985679532756,"d0012",14,"10-15 trees",2922,47.5617941542204
185.8,130.1,"PIPO",43.942,0.15165248141909,"b0131",4,"2-4 trees",2928,425.214153267096
67.9,130.2,"PSME",16.764,0.022072177789487,"d0012",14,"10-15 trees",2929,90.9922163370198
175.8,130.2,"PIPO",12.7,0.0126676869774374,"d0014",10,"10-15 trees",2930,58.3560588423466
175.8,130.2,"POTR",8.636,0.00585753845836707,"d0014",10,"10-15 trees",2931,31.4847474378953
68.4,130.4,"PIPU",3.302,0.000856335639674771,"d0012",14,"10-15 trees",2935,6.76150401542223
162,130.5,"POTR",18.034,0.0255431240213049,"c0062",7,"5-9 trees",2938,102.269775958013
17.4,130.7,"PIPO",22.606,0.0401362994193128,"c0071",6,"5-9 trees",2941,146.810783773453
28.6,130.8,"PIPU",25.908,0.0527178461253037,"c0028",5,"5-9 trees",2947,182.597245308451
59.3,130.8,"PIPO",17.78,0.0248286664757774,"b0097",4,"2-4 trees",2949,99.9748613751942
160.7,130.8,"PSME",9.652,0.00731685599816787,"c0062",7,"5-9 trees",2951,37.6173069764342
144.9,130.9,"PSME",5.08,0.00202682991638999,"e0005",16,"16-25 trees",2953,13.4704448961551
199.4,131.4,"PSME",33.782,0.0896314859775564,"b0088",3,"2-4 trees",2971,279.18788720561
145,131.5,"POTR",11.684,0.0107219302577031,"e0005",16,"16-25 trees",2973,51.0677210307142
90.8,131.6,"PIPO",26.67,0.0558644995704991,"a0192",1,"single",2976,191.265581466885
120.3,131.8,"PIEN",12.7,0.0126676869774374,"b0161",3,"2-4 trees",2980,58.3560588423466
76.3,131.9,"PIEN",10.16,0.00810731966555996,"d0012",14,"10-15 trees",2982,40.8347529747354
149.2,132.5,"PIEN",12.192,0.0116745403184063,"e0005",16,"16-25 trees",2996,54.6663309681585
198.7,132.6,"PSME",27.686,0.0602019155915737,"b0088",3,"2-4 trees",3000,203.056241506231
72.2,132.7,"POTR",21.336,0.0357532797251194,"d0012",14,"10-15 trees",3001,133.838421009024
59.2,132.8,"PIEN",25.146,0.0496624000263458,"b0097",4,"2-4 trees",3006,174.080553123716
120,133.1,"PIPO",34.544,0.0937206153338732,"b0161",3,"2-4 trees",3014,289.331820715259
70.6,133.6,"PIPO",24.384,0.0466981612736254,"d0012",14,"10-15 trees",3026,165.717326957557
122,133.7,"PIEN",4.064,0.00129717114648959,"b0161",3,"2-4 trees",3028,9.42596708390322
60.3,133.8,"PIPO",19.558,0.0300426864356906,"b0097",4,"2-4 trees",3031,116.444533906343
59.3,134,"PIEN",1.778,0.000248286664757774,"b0097",4,"2-4 trees",3033,2.51125497780401
20.2,134.1,"PIEN",11.176,0.00980985679532756,"c0071",6,"5-9 trees",3036,47.5617941542204
70.2,134.6,"PIEN",5.08,0.00202682991638999,"d0012",14,"10-15 trees",3049,13.4704448961551
17.9,134.7,"PIEN",1.016,8.10731966555997e-05,"c0071",6,"5-9 trees",3051,1.02572261931283
17.4,134.9,"PIEN",11.176,0.00980985679532756,"c0071",6,"5-9 trees",3055,47.5617941542204
99.1,135.3,"PSME",33.528,0.088288711157948,"a0188",1,"single",3063,275.836819451038
17.5,135.9,"PIPO",53.594,0.225591236768997,"c0071",6,"5-9 trees",3076,584.232718725404
189,136.5,"PIEN",27.432,0.0591023603619321,"e0007",22,"16-25 trees",3091,200.083813098475
30.9,136.6,"PSME",14.224,0.0158903465444975,"a0180",1,"single",3092,69.9575819362394
165.4,136.6,"PIPO",1.524,0.000182414692475099,"e0002",25,"16-25 trees",3093,1.96234763927647
10,136.9,"PIEN",21.59,0.0366096153647942,"e0001",17,"16-25 trees",3103,136.396814528871
193.7,137.7,"POTR",18.796,0.027747301555379,"e0007",22,"16-25 trees",3114,109.270944796459
8.6,137.8,"PIPU",9.144,0.00656692892910357,"e0001",17,"16-25 trees",3115,34.4999088632196
194.3,138.1,"PSME",14.478,0.0164629259958777,"e0007",22,"16-25 trees",3124,71.9670524479585
4.6,138.5,"PIEN",15.24,0.0182414692475099,"e0001",17,"16-25 trees",3129,78.1224666314692
82.2,139.3,"PSME",27.686,0.0602019155915737,"a0187",1,"single",3141,203.056241506231
177,139.3,"PIPU",19.558,0.0300426864356906,"e0002",25,"16-25 trees",3142,116.444533906343
192.4,139.3,"POTR",14.732,0.0170456395968398,"e0007",22,"16-25 trees",3143,73.9977877681652
7.8,139.6,"PIPU",12.446,0.0121660465731309,"e0001",17,"16-25 trees",3147,56.4998994121704
165.3,139.7,"PIEN",12.446,0.0121660465731309,"e0002",25,"16-25 trees",3152,56.4998994121704
188.1,139.7,"PSME",4.064,0.00129717114648959,"e0007",22,"16-25 trees",3153,9.42596708390322
193.8,139.8,"PSME",1.27,0.000126676869774374,"e0007",22,"16-25 trees",3158,1.46583792402465
186.2,140.3,"PSME",30.988,0.0754183411888716,"e0007",22,"16-25 trees",3162,243.169821321542
0,140.4,"POTR",11.684,0.0107219302577031,"e0001",17,"16-25 trees",3163,51.0677210307142
167.9,140.6,"PIPU",11.684,0.0107219302577031,"e0002",25,"16-25 trees",3165,51.0677210307142
112.2,141.1,"PSME",27.178,0.0580129392818725,"a0178",1,"single",3175,197.127852560154
148.1,141.2,"PIPO",24.384,0.0466981612736254,"a0198",1,"single",3179,165.717326957557
195.7,142.2,"PSME",20.32,0.0324292786622399,"e0007",22,"16-25 trees",3196,123.787823146332
171.4,142.3,"PIEN",5.842,0.00268048256442576,"e0002",25,"16-25 trees",3199,16.8460654712927
190.4,142.4,"POTR",19.05,0.0285022956992343,"e0007",22,"16-25 trees",3203,111.643120811234
180.5,142.6,"PIPU",36.83,0.106535247480249,"e0002",25,"16-25 trees",3204,320.569906227454
191.4,143.2,"PIEN",12.192,0.0116745403184063,"e0007",22,"16-25 trees",3218,54.6663309681585
2.4,143.3,"POTR",21.59,0.0366096153647942,"e0001",17,"16-25 trees",3219,136.396814528871
190.7,143.3,"PIEN",1.27,0.000126676869774374,"e0007",22,"16-25 trees",3221,1.46583792402465
196.7,143.4,"PSME",3.302,0.000856335639674771,"e0007",22,"16-25 trees",3223,6.76150401542223
165.8,143.5,"PIPO",16.002,0.0201112198453797,"e0002",25,"16-25 trees",3227,84.4653966240764
175.4,143.6,"PIEN",4.572,0.00164173223227589,"e0002",25,"16-25 trees",3229,11.3807256664905
163.4,143.7,"PIPO",30.48,0.0729658769900397,"e0002",25,"16-25 trees",3231,236.823033779947
173.6,143.7,"PSME",32.258,0.0817268493036354,"e0002",25,"16-25 trees",3232,259.310379117382
190.5,143.9,"POTR",14.732,0.0170456395968398,"e0007",22,"16-25 trees",3239,73.9977877681652
172.4,144,"PIPO",21.336,0.0357532797251194,"e0002",25,"16-25 trees",3240,133.838421009024
196.7,144,"PIPO",44.958,0.158746386126455,"e0007",22,"16-25 trees",3241,441.053398423128
91.9,144.2,"PIEN",8.128,0.00518868458595838,"c0033",8,"5-9 trees",3243,28.5741889289076
93.5,144.2,"PIPO",16.002,0.0201112198453797,"c0033",8,"5-9 trees",3244,84.4653966240764
119.4,144.3,"POTR",33.782,0.0896314859775564,"c0076",6,"5-9 trees",3245,279.18788720561
197.2,144.7,"PIEN",2.794,0.000613116049707972,"e0007",22,"16-25 trees",3254,5.17561833654136
30.8,144.8,"PIPO",28.194,0.0624314284996027,"a0212",1,"single",3255,209.050260299898
125.3,144.8,"PIEN",12.7,0.0126676869774374,"c0076",6,"5-9 trees",3256,58.3560588423466
189.7,144.8,"PIPU",3.81,0.00114009182796937,"e0007",22,"16-25 trees",3257,8.50119466651352
192.8,145,"POTR",25.908,0.0527178461253037,"e0007",22,"16-25 trees",3260,182.597245308451
12.1,145.2,"POTR",7.62,0.00456036731187748,"e0001",17,"16-25 trees",3261,25.7708031823288
175.5,145.5,"PIPU",19.304,0.0292674239926715,"e0002",25,"16-25 trees",3269,114.034350743377
3.1,145.6,"PIEN",4.826,0.00182921399954197,"e0001",17,"16-25 trees",3270,12.4090835343443
125.6,145.6,"POTR",13.208,0.0137013702347963,"c0076",6,"5-9 trees",3271,62.1354283185709
167,145.6,"PIEN",5.334,0.00223457998281997,"e0002",25,"16-25 trees",3273,14.5641391000087
92.3,145.8,"POTR",9.906,0.00770702075707294,"c0033",8,"5-9 trees",3275,39.2136544780448
125,145.8,"PIFL2",26.162,0.0537565964574535,"c0076",6,"5-9 trees",3276,185.469929173557
155.9,145.9,"PIPU",24.13,0.0457303499885492,"a0215",1,"single",3278,162.964014650622
43.6,146,"PIPO",9.906,0.00770702075707294,"b0154",2,"2-4 trees",3279,39.2136544780448
180.7,146.2,"PIEN",2.54,0.000506707479097498,"e0002",25,"16-25 trees",3285,4.44358965052675
43.2,146.7,"PIPO",10.668,0.00893831993127986,"b0154",2,"2-4 trees",3295,44.15021382169
91,146.9,"PIEN",45.974,0.166002437227131,"c0033",8,"5-9 trees",3298,457.108888645436
162.9,147.2,"POTR",15.24,0.0182414692475099,"e0002",25,"16-25 trees",3302,78.1224666314692
180.3,147.2,"PIPO",3.048,0.000729658769900397,"e0002",25,"16-25 trees",3303,5.94872565220784
9.1,147.5,"PIEN",1.27,0.000126676869774374,"e0001",17,"16-25 trees",3307,1.46583792402465
187.5,147.6,"PIPO",13.97,0.0153279012426993,"e0007",22,"16-25 trees",3311,67.9695273295393
172.9,147.8,"PIEN",6.35,0.00316692174435936,"e0002",25,"16-25 trees",3315,19.2503203210012
186.6,147.8,"PIPO",17.78,0.0248286664757774,"e0007",22,"16-25 trees",3316,99.9748613751942
3.6,147.9,"PSME",8.636,0.00585753845836707,"e0001",17,"16-25 trees",3317,31.4847474378953
88.5,148.1,"POTR",13.716,0.014775590090483,"c0033",8,"5-9 trees",3322,66.0030435502607
91.9,148.2,"PIEN",2.794,0.000613116049707972,"c0033",8,"5-9 trees",3323,5.17561833654136
195.7,148.2,"POTR",16.256,0.0207547383438335,"e0007",22,"16-25 trees",3325,86.6207430682866
3.1,148.4,"PIPU",20.32,0.0324292786622399,"e0001",17,"16-25 trees",3327,123.787823146332
191.4,148.5,"PIFL2",30.734,0.0741870420146647,"e0007",22,"16-25 trees",3331,239.98855958573
173.2,148.6,"PIEN",4.064,0.00129717114648959,"e0002",25,"16-25 trees",3334,9.42596708390322
91.6,148.7,"PIEN",20.32,0.0324292786622399,"c0033",8,"5-9 trees",3337,123.787823146332
73,149.1,"PIPO",28.448,0.0635613861779901,"c0032",9,"5-9 trees",3346,212.071731787533
164.2,149.1,"PIPO",18.288,0.0262677157164143,"e0002",25,"16-25 trees",3349,104.584166814162
148.5,149.4,"PIEN",7.62,0.00456036731187748,"c0052",8,"5-9 trees",3351,25.7708031823288
130.5,149.5,"PIEN",8.636,0.00585753845836707,"c0055",9,"5-9 trees",3354,31.4847474378953
78.5,149.7,"PIPO",3.81,0.00114009182796937,"c0032",9,"5-9 trees",3361,8.50119466651352
124.3,149.7,"PSME",1.27,0.000126676869774374,"c0076",6,"5-9 trees",3362,1.46583792402465
133.9,149.7,"PSME",7.366,0.00426140989920996,"c0055",9,"5-9 trees",3363,24.4101665849469
169.9,149.8,"PIEN",8.89,0.00620716661894435,"e0002",25,"16-25 trees",3368,32.9794051157481
132,149.9,"PIEN",11.938,0.0111931682132637,"c0055",9,"5-9 trees",3369,52.8555406234571
13.5,150,"PSME",23.876,0.0447726728530549,"e0001",17,"16-25 trees",3371,160.228037109675
92.1,150,"PIPU",32.004,0.0804448793815187,"c0033",8,"5-9 trees",3373,256.051201919968
124.1,150.2,"POTR",10.16,0.00810731966555996,"c0076",6,"5-9 trees",3379,40.8347529747354
177.5,150.3,"PIEN",4.826,0.00182921399954197,"e0002",25,"16-25 trees",3383,12.4090835343443
114.9,150.7,"PIEN",8.128,0.00518868458595838,"b0165",4,"2-4 trees",3392,28.5741889289076
73.2,150.8,"PIPO",11.176,0.00980985679532756,"c0032",9,"5-9 trees",3393,47.5617941542204
116.2,150.9,"PIPO",5.842,0.00268048256442576,"b0165",4,"2-4 trees",3394,16.8460654712927
75.9,151,"PIEN",19.558,0.0300426864356906,"c0032",9,"5-9 trees",3396,116.444533906343
145,151.1,"POTR",14.224,0.0158903465444975,"c0052",8,"5-9 trees",3397,69.9575819362394
193.7,151.4,"PIEN",1.27,0.000126676869774374,"e0007",22,"16-25 trees",3399,1.46583792402465
118.2,151.5,"PSME",48.26,0.182921399954197,"b0165",4,"2-4 trees",3402,494.014513501981
176.9,152.1,"PIEN",2.286,0.000410433058068973,"e0002",25,"16-25 trees",3413,3.75423938681759
76.1,152.3,"PIPU",3.302,0.000856335639674771,"c0032",9,"5-9 trees",3416,6.76150401542223
6.5,152.5,"PIEN",4.826,0.00182921399954197,"e0001",17,"16-25 trees",3419,12.4090835343443
148.9,152.5,"PIPU",22.606,0.0401362994193128,"c0052",8,"5-9 trees",3421,146.810783773453
146.4,152.8,"PIEN",16.51,0.0214083909918693,"c0052",8,"5-9 trees",3427,88.7963914804711
70,153.2,"PIFL2",10.16,0.00810731966555996,"c0032",9,"5-9 trees",3435,40.8347529747354
129.7,153.2,"PIPO",24.892,0.0486641862925237,"c0055",9,"5-9 trees",3438,171.275667090396
130.6,153.2,"POTR",10.668,0.00893831993127986,"c0055",9,"5-9 trees",3439,44.15021382169
148.4,153.2,"PIPU",14.224,0.0158903465444975,"c0052",8,"5-9 trees",3440,69.9575819362394
172.4,153.3,"PIEN",24.892,0.0486641862925237,"e0002",25,"16-25 trees",3446,171.275667090396
175.1,153.3,"PIEN",29.464,0.0681825583873593,"e0002",25,"16-25 trees",3447,224.319345610657
119.2,153.7,"PIEN",27.686,0.0602019155915737,"b0165",4,"2-4 trees",3453,203.056241506231
172.4,153.7,"POTR",24.384,0.0466981612736254,"e0002",25,"16-25 trees",3456,165.717326957557
70.5,154,"PIEN",4.572,0.00164173223227589,"c0032",9,"5-9 trees",3461,11.3807256664905
150.4,154.2,"PIFL2",5.334,0.00223457998281997,"c0052",8,"5-9 trees",3467,14.5641391000087
71.1,154.4,"POTR",13.462,0.0142334130878487,"c0032",9,"5-9 trees",3470,64.0582895158179
37.2,154.5,"PIPO",31.242,0.0766597745126604,"b0095",4,"2-4 trees",3472,246.366767265927
131,154.5,"PIEN",19.05,0.0285022956992343,"c0055",9,"5-9 trees",3473,111.643120811234
74.6,154.6,"PSME",8.89,0.00620716661894435,"c0032",9,"5-9 trees",3476,32.9794051157481
144.1,154.6,"PIPU",4.572,0.00164173223227589,"c0052",8,"5-9 trees",3477,11.3807256664905
6.8,154.7,"PIEN",3.302,0.000856335639674771,"e0001",17,"16-25 trees",3479,6.76150401542223
87.2,154.9,"PIEN",30.734,0.0741870420146647,"b0137",2,"2-4 trees",3484,239.98855958573
132,155.1,"PIPO",15.748,0.0194778354965078,"c0055",9,"5-9 trees",3488,82.3304804480007
148.7,155.2,"PSME",16.51,0.0214083909918693,"c0052",8,"5-9 trees",3490,88.7963914804711
199.9,155.6,"POTR",19.812,0.0308280830282918,"b0135",2,"2-4 trees",3495,118.873571451574
60.7,155.9,"PIPO",22.098,0.0383526890928896,"b0127",3,"2-4 trees",3497,141.567887267438
47.1,156.1,"PIEN",5.842,0.00268048256442576,"b0142",4,"2-4 trees",3502,16.8460654712927
86.5,156.1,"POTR",16.002,0.0201112198453797,"b0137",2,"2-4 trees",3504,84.4653966240764
107.3,156.1,"PSME",20.828,0.0340710108945157,"d0009",11,"10-15 trees",3506,128.776349701634
110.1,156.1,"PIEN",3.302,0.000856335639674771,"d0009",11,"10-15 trees",3507,6.76150401542223
134.5,156.1,"PIPO",18.542,0.0270024415611057,"c0055",9,"5-9 trees",3510,106.917925282965
134.6,156.2,"POTR",11.43,0.0102608264517243,"c0055",9,"5-9 trees",3511,49.3030706693208
19.1,156.3,"POTR",13.716,0.014775590090483,"c0078",7,"5-9 trees",3513,66.0030435502607
60.6,156.4,"PIPU",20.828,0.0340710108945157,"b0127",3,"2-4 trees",3514,128.776349701634
35.4,156.5,"PIEN",7.874,0.00486945887412695,"b0095",4,"2-4 trees",3515,27.1589300622175
13.5,156.6,"PIFL2",2.286,0.000410433058068973,"c0078",7,"5-9 trees",3518,3.75423938681759
46.2,156.7,"POTR",12.7,0.0126676869774374,"b0142",4,"2-4 trees",3520,58.3560588423466
46.7,156.8,"PIEN",17.78,0.0248286664757774,"b0142",4,"2-4 trees",3523,99.9748613751942
198.5,156.8,"POTR",15.24,0.0182414692475099,"b0135",2,"2-4 trees",3525,78.1224666314692
16.8,156.9,"PIPU",30.48,0.0729658769900397,"c0078",7,"5-9 trees",3526,236.823033779947
60.2,157,"PIEN",4.064,0.00129717114648959,"b0127",3,"2-4 trees",3529,9.42596708390322
52,157.1,"PIEN",14.224,0.0158903465444975,"b0142",4,"2-4 trees",3530,69.9575819362394
19.9,157.4,"PSME",25.4,0.0506707479097498,"c0078",7,"5-9 trees",3534,176.902490287201
36.5,157.4,"PIEN",10.922,0.00936902128851274,"b0095",4,"2-4 trees",3535,45.8441025684311
164.2,157.4,"PSME",17.78,0.0248286664757774,"c0069",5,"5-9 trees",3538,99.9748613751942
108.2,157.5,"PIEN",10.668,0.00893831993127986,"d0009",11,"10-15 trees",3540,44.15021382169
166.6,157.8,"PIEN",25.908,0.0527178461253037,"c0069",5,"5-9 trees",3545,182.597245308451
38.3,157.9,"PIEN",16.51,0.0214083909918693,"b0095",4,"2-4 trees",3546,88.7963914804711
167.3,158.1,"POTR",20.066,0.0316236137704748,"c0069",5,"5-9 trees",3548,121.321366311725
166.4,158.4,"PIPO",36.576,0.105070862865657,"c0069",5,"5-9 trees",3551,317.039908469824
7.7,159.1,"POTR",24.13,0.0457303499885492,"e0001",17,"16-25 trees",3560,162.964014650622
110.3,159.3,"PIPO",42.672,0.143013118900478,"d0009",11,"10-15 trees",3567,405.722223917942
19.2,159.5,"PSME",20.574,0.0332450777035868,"c0078",7,"5-9 trees",3569,126.27284828981
127.1,159.5,"POTR",18.034,0.0255431240213049,"c0036",8,"5-9 trees",3572,102.269775958013
106.1,159.6,"PIEN",13.208,0.0137013702347963,"d0009",11,"10-15 trees",3574,62.1354283185709
108.7,159.7,"PIEN",1.524,0.000182414692475099,"d0009",11,"10-15 trees",3575,1.96234763927647
108.7,159.8,"PSME",33.02,0.0856335639674771,"d0009",11,"10-15 trees",3577,269.180323226586
14.9,160.1,"PIEN",10.16,0.00810731966555996,"c0078",7,"5-9 trees",3582,40.8347529747354
128.5,160.1,"PIEN",10.668,0.00893831993127986,"c0036",8,"5-9 trees",3585,44.15021382169
5.4,160.2,"PIEN",8.382,0.00551804444737175,"e0001",17,"16-25 trees",3586,30.0162373188641
126,160.2,"PIEN",30.988,0.0754183411888716,"c0036",8,"5-9 trees",3589,243.169821321542
8.6,160.4,"PSME",32.258,0.0817268493036354,"e0001",17,"16-25 trees",3593,259.310379117382
168.9,160.4,"PSME",36.068,0.102172496085219,"c0069",5,"5-9 trees",3597,310.023987345735
18.2,160.6,"PIEN",13.716,0.014775590090483,"c0078",7,"5-9 trees",3601,66.0030435502607
113.5,160.8,"POTR",28.702,0.0647014780059595,"d0009",11,"10-15 trees",3604,215.109433315022
75.8,161.1,"PIPO",1.778,0.000248286664757774,"b0098",2,"2-4 trees",3605,2.51125497780401
104.9,161.4,"PIEN",4.064,0.00129717114648959,"d0009",11,"10-15 trees",3612,9.42596708390322
105.7,161.8,"POTR",11.43,0.0102608264517243,"d0009",11,"10-15 trees",3618,49.3030706693208
72.5,162.1,"PSME",39.37,0.121736471853174,"b0098",2,"2-4 trees",3623,356.668424731358
194.6,162.4,"PIEN",33.02,0.0856335639674771,"c0027",8,"5-9 trees",3629,269.180323226586
195.4,162.5,"POTR",14.478,0.0164629259958777,"c0027",8,"5-9 trees",3630,71.9670524479585
193.8,162.7,"POTR",22.098,0.0383526890928896,"c0027",8,"5-9 trees",3631,141.567887267438
149.7,162.8,"PIPU",22.352,0.0392394271813102,"a0204",1,"single",3633,144.180398665019
107.4,163.8,"PIFL2",12.7,0.0126676869774374,"d0009",11,"10-15 trees",3649,58.3560588423466
137.6,163.8,"PIPO",11.176,0.00980985679532756,"a0196",1,"single",3650,47.5617941542204
32.4,164,"PIEN",10.668,0.00893831993127986,"a0209",1,"single",3654,44.15021382169
128.5,164.1,"PIPO",42.418,0.141315648845501,"c0036",8,"5-9 trees",3656,401.865108263255
124.3,165.2,"PIEN",1.778,0.000248286664757774,"c0036",8,"5-9 trees",3670,2.51125497780401
198.3,166.1,"PIEN",18.796,0.027747301555379,"c0027",8,"5-9 trees",3681,109.270944796459
125.5,166.4,"PSME",30.48,0.0729658769900397,"c0036",8,"5-9 trees",3686,236.823033779947
129.9,166.5,"PIPO",9.144,0.00656692892910357,"c0036",8,"5-9 trees",3687,34.4999088632196
196.5,167,"PIEN",21.082,0.0349070782350266,"c0027",8,"5-9 trees",3694,131.298236918595
194,167.2,"PIPO",22.352,0.0392394271813102,"c0027",8,"5-9 trees",3696,144.180398665019
162.5,167.5,"PIEN",9.652,0.00731685599816787,"c0072",8,"5-9 trees",3701,37.6173069764342
195.8,167.7,"POTR",9.652,0.00731685599816787,"c0027",8,"5-9 trees",3706,37.6173069764342
197.8,167.7,"PIEN",1.27,0.000126676869774374,"c0027",8,"5-9 trees",3707,1.46583792402465
56.4,167.8,"PIPU",1.27,0.000126676869774374,"b0087",3,"2-4 trees",3708,1.46583792402465
163,167.9,"PIEN",18.034,0.0255431240213049,"c0072",8,"5-9 trees",3710,102.269775958013
161.4,168.2,"PSME",29.972,0.0705539493895356,"c0072",8,"5-9 trees",3716,230.53939986607
182.4,168.6,"PIEN",4.572,0.00164173223227589,"c0026",9,"5-9 trees",3725,11.3807256664905
58,169,"POTR",15.748,0.0194778354965078,"b0087",3,"2-4 trees",3729,82.3304804480007
58.6,169,"PIEN",4.826,0.00182921399954197,"b0087",3,"2-4 trees",3730,12.4090835343443
126.4,169.2,"POTR",8.382,0.00551804444737175,"c0036",8,"5-9 trees",3734,30.0162373188641
50.1,169.4,"PIFL2",24.638,0.0476761067082836,"a0199",1,"single",3739,168.487901573462
159.7,169.5,"POTR",6.604,0.00342534255869908,"c0072",8,"5-9 trees",3743,20.4970473014041
186.5,169.8,"PIFL2",25.908,0.0527178461253037,"c0026",9,"5-9 trees",3746,182.597245308451
181.7,170.4,"PIPO",27.94,0.0613116049707972,"c0026",9,"5-9 trees",3751,206.045077182528
32.1,170.5,"POTR",6.096,0.00291863507960159,"b0082",2,"2-4 trees",3752,18.0331640413536
161.2,170.8,"POTR",13.97,0.0153279012426993,"c0072",8,"5-9 trees",3760,67.9695273295393
107.1,170.9,"PIPO",15.24,0.0182414692475099,"b0091",2,"2-4 trees",3762,78.1224666314692
156.9,170.9,"PSME",28.194,0.0624314284996027,"c0072",8,"5-9 trees",3764,209.050260299898
105.4,171,"PIPU",4.318,0.00146438461459177,"b0091",2,"2-4 trees",3766,10.3860933282474
158,171,"PIEN",12.192,0.0116745403184063,"c0072",8,"5-9 trees",3767,54.6663309681585
185.6,171,"PSME",14.224,0.0158903465444975,"c0026",9,"5-9 trees",3768,69.9575819362394
162.7,171.3,"POTR",15.748,0.0194778354965078,"c0072",8,"5-9 trees",3774,82.3304804480007
182.8,171.3,"POTR",9.652,0.00731685599816787,"c0026",9,"5-9 trees",3775,37.6173069764342
187.6,171.3,"PIEN",20.574,0.0332450777035868,"c0026",9,"5-9 trees",3776,126.27284828981
185,171.5,"PIPO",12.446,0.0121660465731309,"c0026",9,"5-9 trees",3778,56.4998994121704
33.6,171.7,"PIPO",59.436,0.277452747254626,"b0082",2,"2-4 trees",3780,689.41276184129
82.1,172.5,"PIEN",2.54,0.000506707479097498,"c0047",6,"5-9 trees",3794,4.44358965052675
18.8,173.3,"PIEN",6.604,0.00342534255869908,"c0066",8,"5-9 trees",3806,20.4970473014041
84.5,173.5,"PIEN",15.24,0.0182414692475099,"c0047",6,"5-9 trees",3809,78.1224666314692
137.9,173.5,"POTR",20.32,0.0324292786622399,"b0118",4,"2-4 trees",3811,123.787823146332
80.2,173.7,"PIEN",13.97,0.0153279012426993,"c0047",6,"5-9 trees",3814,67.9695273295393
20.1,173.9,"PSME",9.906,0.00770702075707294,"c0066",8,"5-9 trees",3818,39.2136544780448
42.1,174.1,"PIPO",4.572,0.00164173223227589,"b0175",3,"2-4 trees",3825,11.3807256664905
188.4,174.1,"POTR",18.288,0.0262677157164143,"c0026",9,"5-9 trees",3828,104.584166814162
139.3,174.2,"PIPU",5.842,0.00268048256442576,"b0118",4,"2-4 trees",3830,16.8460654712927
82,174.5,"PSME",17.272,0.0234301538334683,"c0047",6,"5-9 trees",3833,95.4439065680274
84.9,174.6,"PSME",2.286,0.000410433058068973,"c0047",6,"5-9 trees",3835,3.75423938681759
98.1,174.7,"PIPO",44.704,0.156957708725241,"b0086",2,"2-4 trees",3838,437.073237645285
45.1,175.3,"PIPU",25.146,0.0496624000263458,"b0175",3,"2-4 trees",3843,174.080553123716
44.9,175.5,"PIEN",8.128,0.00518868458595838,"b0175",3,"2-4 trees",3846,28.5741889289076
185.6,175.5,"PSME",38.1,0.114009182796937,"c0026",9,"5-9 trees",3848,338.438655501018
15.9,175.6,"POTR",23.876,0.0447726728530549,"c0066",8,"5-9 trees",3849,160.228037109675
82.3,175.6,"PSME",38.608,0.117069695970686,"c0047",6,"5-9 trees",3850,345.687509145987
73.4,175.7,"PSME",59.182,0.275086423327241,"b0136",3,"2-4 trees",3852,684.704875380122
98.4,175.7,"POTR",8.128,0.00518868458595838,"b0086",2,"2-4 trees",3854,28.5741889289076
21,176,"PIEN",3.81,0.00114009182796937,"c0066",8,"5-9 trees",3857,8.50119466651352
153.4,176.3,"PIEN",10.668,0.00893831993127986,"c0077",8,"5-9 trees",3865,44.15021382169
139.1,176.8,"PIEN",7.112,0.00397258663612438,"b0118",4,"2-4 trees",3877,23.0773956958527
109.4,176.9,"PSME",3.81,0.00114009182796937,"b0129",3,"2-4 trees",3879,8.50119466651352
140.2,177,"POTR",10.414,0.00851775272362894,"b0118",4,"2-4 trees",3881,42.4803530379405
22.4,177.3,"PIEN",6.096,0.00291863507960159,"c0066",8,"5-9 trees",3885,18.0331640413536
73.9,177.3,"PIEN",11.176,0.00980985679532756,"b0136",3,"2-4 trees",3886,47.5617941542204
107,177.4,"PIEN",12.192,0.0116745403184063,"b0129",3,"2-4 trees",3891,54.6663309681585
74,177.5,"PIEN",32.766,0.0843211915966146,"b0136",3,"2-4 trees",3893,265.874987853903
105.9,177.9,"PSME",20.574,0.0332450777035868,"b0129",3,"2-4 trees",3900,126.27284828981
15.9,178,"PIEN",2.794,0.000613116049707972,"c0066",8,"5-9 trees",3901,5.17561833654136
157.3,178,"PIEN",18.034,0.0255431240213049,"c0077",8,"5-9 trees",3903,102.269775958013
196.9,178,"PIEN",9.652,0.00731685599816787,"c0046",9,"5-9 trees",3904,37.6173069764342
19.5,178.6,"PSME",35.56,0.0993146659031096,"c0066",8,"5-9 trees",3913,303.067107241925
170.6,178.6,"POTR",21.59,0.0366096153647942,"b0092",4,"2-4 trees",3915,136.396814528871
178.3,178.7,"PIEN",8.89,0.00620716661894435,"b0092",4,"2-4 trees",3916,32.9794051157481
171.6,178.8,"POTR",13.716,0.014775590090483,"b0092",4,"2-4 trees",3918,66.0030435502607
156.2,179.1,"PSME",44.45,0.155179165473609,"c0077",8,"5-9 trees",3925,433.106622546041
29.8,179.3,"POTR",20.066,0.0316236137704748,"b0147",4,"2-4 trees",3927,121.321366311725
159.6,179.3,"PSME",14.224,0.0158903465444975,"c0077",8,"5-9 trees",3929,69.9575819362394
174.2,179.7,"PIPU",20.828,0.0340710108945157,"b0092",4,"2-4 trees",3940,128.776349701634
151.7,180,"PIPU",18.288,0.0262677157164143,"c0077",8,"5-9 trees",3945,104.584166814162
194.5,181,"POTR",16.002,0.0201112198453797,"c0046",9,"5-9 trees",3959,84.4653966240764
159.6,181.2,"PIEN",34.036,0.0909843949467467,"c0077",8,"5-9 trees",3964,282.554106810417
85.7,181.3,"POTR",8.636,0.00585753845836707,"c0043",8,"5-9 trees",3965,31.4847474378953
199.8,181.3,"PIPU",6.096,0.00291863507960159,"c0046",9,"5-9 trees",3966,18.0331640413536
19.8,181.4,"PSME",5.08,0.00202682991638999,"c0066",8,"5-9 trees",3967,13.4704448961551
197.9,181.4,"POTR",15.494,0.0188545852972179,"c0046",9,"5-9 trees",3969,80.2161257237514
28.6,182.1,"PSME",13.97,0.0153279012426993,"b0147",4,"2-4 trees",3973,67.9695273295393
44.1,182.3,"PIEN",9.906,0.00770702075707294,"c0038",8,"5-9 trees",3976,39.2136544780448
199.6,182.3,"POTR",19.558,0.0300426864356906,"c0046",9,"5-9 trees",3977,116.444533906343
34.4,182.4,"PIEN",1.016,8.10731966555997e-05,"b0147",4,"2-4 trees",3978,1.02572261931283
89.1,182.6,"POTR",6.35,0.00316692174435936,"c0043",8,"5-9 trees",3983,19.2503203210012
47.9,182.7,"PIEN",19.812,0.0308280830282918,"c0038",8,"5-9 trees",3985,118.873571451574
197.1,182.7,"PIPU",26.67,0.0558644995704991,"c0046",9,"5-9 trees",3987,191.265581466885
29.3,182.8,"PSME",12.7,0.0126676869774374,"b0147",4,"2-4 trees",3988,58.3560588423466
12.5,183,"PIEN",6.096,0.00291863507960159,"c0067",6,"5-9 trees",3990,18.0331640413536
51.3,183,"PSME",6.096,0.00291863507960159,"c0038",8,"5-9 trees",3991,18.0331640413536
90,183.2,"POTR",10.668,0.00893831993127986,"c0043",8,"5-9 trees",3997,44.15021382169
159.9,183.4,"PIEN",6.35,0.00316692174435936,"c0077",8,"5-9 trees",3999,19.2503203210012
84.6,183.5,"PIPO",27.686,0.0602019155915737,"c0043",8,"5-9 trees",4000,203.056241506231
127.8,183.7,"POTR",12.192,0.0116745403184063,"b0144",4,"2-4 trees",4001,54.6663309681585
45.3,183.8,"PIEN",2.54,0.000506707479097498,"c0038",8,"5-9 trees",4002,4.44358965052675
50.2,183.9,"POTR",12.954,0.0131794615313259,"c0038",8,"5-9 trees",4003,60.2346274174601
87.9,183.9,"PIEN",34.29,0.0923474380655189,"c0043",8,"5-9 trees",4005,285.935432933798
50.9,184.1,"PIEN",1.524,0.000182414692475099,"c0038",8,"5-9 trees",4008,1.96234763927647
197.7,184.1,"PIEN",5.588,0.00245246419883189,"c0046",9,"5-9 trees",4010,15.6895409092615
129.7,184.4,"PIPO",48.514,0.184851955449558,"b0144",4,"2-4 trees",4017,498.181199733891
88.8,184.9,"PIPU",11.176,0.00980985679532756,"c0043",8,"5-9 trees",4020,47.5617941542204
156.9,184.9,"PSME",3.048,0.000729658769900397,"c0077",8,"5-9 trees",4021,5.94872565220784
89.2,185,"PIEN",17.018,0.0227460987366867,"c0043",8,"5-9 trees",4023,93.2080947894287
100.7,185.1,"PIEN",8.89,0.00620716661894435,"a0211",1,"single",4025,32.9794051157481
177.8,185.1,"PSME",20.828,0.0340710108945157,"b0130",4,"2-4 trees",4026,128.776349701634
125.9,185.2,"PSME",32.766,0.0843211915966146,"b0144",4,"2-4 trees",4028,265.874987853903
140.3,185.2,"PIEN",10.414,0.00851775272362894,"b0150",2,"2-4 trees",4029,42.4803530379405
87.7,185.5,"PIEN",11.43,0.0102608264517243,"c0043",8,"5-9 trees",4034,49.3030706693208
48.9,185.7,"PIEN",28.194,0.0624314284996027,"c0038",8,"5-9 trees",4037,209.050260299898
140,185.7,"PSME",42.164,0.139628312940106,"b0150",2,"2-4 trees",4038,398.021825702242
198.2,186,"PIEN",19.05,0.0285022956992343,"c0046",9,"5-9 trees",4041,111.643120811234
75.7,186.1,"POTR",11.176,0.00980985679532756,"c0023",8,"5-9 trees",4042,47.5617941542204
193.4,186.1,"POTR",14.986,0.0176384873473839,"c0046",9,"5-9 trees",4043,76.0496404670287
9.3,186.4,"PSME",38.862,0.118615153781933,"c0067",6,"5-9 trees",4046,349.333500619765
72.6,186.5,"PIPO",17.272,0.0234301538334683,"c0023",8,"5-9 trees",4047,95.4439065680274
71.5,186.6,"POTR",18.542,0.0270024415611057,"c0023",8,"5-9 trees",4052,106.917925282965
128.8,186.6,"PIEN",10.668,0.00893831993127986,"b0144",4,"2-4 trees",4053,44.15021382169
174.1,186.8,"PIEN",27.686,0.0602019155915737,"b0130",4,"2-4 trees",4057,203.056241506231
22.1,187.3,"POTR",13.208,0.0137013702347963,"b0117",4,"2-4 trees",4060,62.1354283185709
117.6,187.4,"POTR",26.416,0.0548054809391854,"b0163",2,"2-4 trees",4062,188.359396139355
116.7,187.5,"PIEN",13.716,0.014775590090483,"b0163",2,"2-4 trees",4063,66.0030435502607
71.1,187.8,"POTR",12.446,0.0121660465731309,"c0023",8,"5-9 trees",4070,56.4998994121704
73.8,187.8,"PIEN",22.352,0.0392394271813102,"c0023",8,"5-9 trees",4071,144.180398665019
21.9,187.9,"PIEN",9.398,0.00693682538884474,"b0117",4,"2-4 trees",4072,36.045969019139
47.4,188.7,"PIEN",21.59,0.0366096153647942,"c0038",8,"5-9 trees",4084,136.396814528871
32.5,189.1,"PIEN",2.032,0.000324292786622399,"c0063",7,"5-9 trees",4090,3.1094095334738
73.6,189.6,"PIEN",13.97,0.0153279012426993,"c0023",8,"5-9 trees",4095,67.9695273295393
75.5,189.6,"PIEN",8.89,0.00620716661894435,"c0023",8,"5-9 trees",4096,32.9794051157481
36.9,189.7,"PIEN",7.366,0.00426140989920996,"c0063",7,"5-9 trees",4098,24.4101665849469
176.4,189.7,"PIPU",25.654,0.0516892299427357,"b0130",4,"2-4 trees",4099,179.741410169007
23.4,189.8,"POTR",12.954,0.0131794615313259,"b0117",4,"2-4 trees",4101,60.2346274174601
19.9,189.9,"PIEN",19.558,0.0300426864356906,"b0117",4,"2-4 trees",4102,116.444533906343
71.3,189.9,"PIEN",30.988,0.0754183411888716,"c0023",8,"5-9 trees",4103,243.169821321542
33.8,190.9,"PSME",7.366,0.00426140989920996,"c0063",7,"5-9 trees",4120,24.4101665849469
33.7,191.2,"PIEN",10.16,0.00810731966555996,"c0063",7,"5-9 trees",4125,40.8347529747354
36.8,191.2,"POTR",17.018,0.0227460987366867,"c0063",7,"5-9 trees",4126,93.2080947894287
12.4,191.3,"PIFL2",1.27,0.000126676869774374,"c0067",6,"5-9 trees",4129,1.46583792402465
14,191.3,"POTR",13.462,0.0142334130878487,"c0067",6,"5-9 trees",4130,64.0582895158179
33.5,191.3,"PIEN",2.032,0.000324292786622399,"c0063",7,"5-9 trees",4131,3.1094095334738
163.8,191.3,"POTR",21.336,0.0357532797251194,"b0153",4,"2-4 trees",4134,133.838421009024
173.3,191.5,"PIPO",18.288,0.0262677157164143,"b0130",4,"2-4 trees",4141,104.584166814162
30.2,191.7,"PIPU",29.21,0.0670120641106441,"c0063",7,"5-9 trees",4143,221.233296775782
141.5,191.8,"PSME",17.526,0.0241243430798319,"a0206",1,"single",4147,97.6995338905438
61.6,192,"POTR",15.494,0.0188545852972179,"d0022",13,"10-15 trees",4150,80.2161257237514
52.8,192.3,"PIPU",20.32,0.0324292786622399,"d0022",13,"10-15 trees",4155,123.787823146332
59.6,192.6,"PSME",16.764,0.022072177789487,"d0022",13,"10-15 trees",4159,90.9922163370198
130.2,192.6,"PIEN",30.734,0.0741870420146647,"b0152",4,"2-4 trees",4160,239.98855958573
65.8,192.7,"PIEN",1.016,8.10731966555997e-05,"d0022",13,"10-15 trees",4161,1.02572261931283
131.7,192.7,"POTR",19.812,0.0308280830282918,"b0152",4,"2-4 trees",4162,118.873571451574
60.6,192.8,"PIEN",5.08,0.00202682991638999,"d0022",13,"10-15 trees",4165,13.4704448961551
95.4,192.9,"PIPO",52.324,0.215026385829814,"b0113",4,"2-4 trees",4168,562.239688475742
55.8,193,"PIEN",9.652,0.00731685599816787,"d0022",13,"10-15 trees",4172,37.6173069764342
130.8,193,"PIEN",46.99,0.173420634721119,"b0152",4,"2-4 trees",4174,473.378699327227
98.5,193.1,"PIEN",24.13,0.0457303499885492,"b0113",4,"2-4 trees",4180,162.964014650622
94.2,193.2,"PIPO",16.002,0.0201112198453797,"b0113",4,"2-4 trees",4183,84.4653966240764
61.1,193.8,"PSME",26.416,0.0548054809391854,"d0022",13,"10-15 trees",4188,188.359396139355
63.8,194,"PSME",25.146,0.0496624000263458,"d0022",13,"10-15 trees",4191,174.080553123716
94.2,194.2,"PIEN",12.954,0.0131794615313259,"b0113",4,"2-4 trees",4197,60.2346274174601
131.5,194.2,"PIEN",5.08,0.00202682991638999,"b0152",4,"2-4 trees",4198,13.4704448961551
153.2,194.3,"PSME",9.144,0.00656692892910357,"b0108",2,"2-4 trees",4201,34.4999088632196
61.1,194.5,"PSME",32.258,0.0817268493036354,"d0022",13,"10-15 trees",4205,259.310379117382
151.7,194.8,"PSME",12.954,0.0131794615313259,"b0108",2,"2-4 trees",4211,60.2346274174601
164.1,195.2,"PIEN",12.954,0.0131794615313259,"b0153",4,"2-4 trees",4221,60.2346274174601
8.8,195.3,"POTR",11.938,0.0111931682132637,"c0067",6,"5-9 trees",4222,52.8555406234571
16.3,195.8,"PIPU",23.622,0.0438251298671426,"c0067",6,"5-9 trees",4230,157.509467867509
160.4,195.8,"POTR",16.51,0.0214083909918693,"b0153",4,"2-4 trees",4231,88.7963914804711
198.1,196,"PIEN",1.016,8.10731966555997e-05,"b0133",4,"2-4 trees",4235,1.02572261931283
62.8,196.6,"PIPO",38.608,0.117069695970686,"d0022",13,"10-15 trees",4242,345.687509145987
61.3,197.1,"PSME",25.654,0.0516892299427357,"d0022",13,"10-15 trees",4249,179.741410169007
55.7,197.4,"PIPO",28.702,0.0647014780059595,"d0022",13,"10-15 trees",4255,215.109433315022
189.4,197.6,"POTR",9.906,0.00770702075707294,"a0194",1,"single",4258,39.2136544780448
197.8,198.1,"PIEN",2.54,0.000506707479097498,"b0133",4,"2-4 trees",4268,4.44358965052675
61.4,198.2,"PIEN",9.906,0.00770702075707294,"d0022",13,"10-15 trees",4270,39.2136544780448
78.8,198.3,"PIPO",18.542,0.0270024415611057,"b0125",2,"2-4 trees",4274,106.917925282965
117.7,198.3,"PIPU",29.718,0.0693631868136565,"a0185",1,"single",4275,227.421398259343
166.5,198.3,"PIEN",6.35,0.00316692174435936,"b0153",4,"2-4 trees",4276,19.2503203210012
199.4,198.4,"PIPO",38.1,0.114009182796937,"b0133",4,"2-4 trees",4279,338.438655501018
90.1,198.7,"PIPO",47.752,0.17909069141222,"a0191",1,"single",4281,485.720580533153
196,199.2,"PIEN",10.16,0.00810731966555996,"b0133",4,"2-4 trees",4288,40.8347529747354
79.6,199.8,"PIEN",28.702,0.0647014780059595,"b0125",2,"2-4 trees",4299,215.109433315022
